source_csv_row,entry_uri,title,year,watched_date,export_date,rating,rewatch,film_letterboxd_uri,film_join,tmdb_type,tmdb_id,needs_subject_review
427,https://boxd.it/gxCzr3,The Great White Silence,1924,2026-09-28,2026-09-29,,,https://boxd.it/2ZC4,unique_title_year,movie,84880,
426,https://boxd.it/gwDj4F,The Ten Commandments,1956,2026-09-27,2026-09-28,,,https://boxd.it/21mg,unique_title_year,movie,6844,
425,https://boxd.it/gw7afF,Carry On Screaming!,1966,2026-09-27,2026-09-28,,,https://boxd.it/23pm,unique_title_year,movie,5060,
424,https://boxd.it/gvoU07,Lone Wolf and Cub: Baby Cart in Peril,1972,2026-09-26,2026-09-27,,,https://boxd.it/Zhw,unique_title_year,movie,41477,
423,https://boxd.it/gvdbQ1,What?,1972,2026-09-26,2026-09-27,,,https://boxd.it/2QS8,unique_title_year,movie,81522,
422,https://boxd.it/guhDh3,Invasion of the Body Snatchers,1978,2026-09-25,2026-09-26,,,https://boxd.it/1SWk,unique_title_year,movie,11850,
421,https://boxd.it/gtpzGZ,Sorcerer,1977,2026-09-24,2026-09-25,5,Yes,https://boxd.it/14J6,unique_title_year,movie,38985,
420,https://boxd.it/gsor4H,Kwaidan,1964,2026-09-23,2026-09-24,,,https://boxd.it/1kbY,unique_title_year,movie,30959,
419,https://boxd.it/grDFen,Master and Commander: The Far Side of the World,2003,2026-09-22,2026-09-23,,,https://boxd.it/200S,unique_title_year,movie,8619,
418,https://boxd.it/gqQJW1,The Deer Hunter,1978,2026-09-21,2026-09-22,,,https://boxd.it/1T6O,unique_title_year,movie,11778,
417,https://boxd.it/gpZvTL,The Addiction,1995,2026-09-20,2026-09-21,,,https://boxd.it/1cZQ,unique_title_year,movie,34996,
416,https://boxd.it/gpOJvL,To Live and Die in L.A.,1985,2026-09-20,2026-09-21,,,https://boxd.it/1XFo,unique_title_year,movie,9846,
415,https://boxd.it/goP5U5,A Nightmare on Elm Street,1984,2026-09-19,2026-09-20,,,https://boxd.it/2aw0,unique_title_year,movie,377,
414,https://boxd.it/goEUYv,Tokyo Story,1953,2026-09-19,2026-09-20,,,https://boxd.it/1HuY,unique_title_year,movie,18148,
413,https://boxd.it/gnLG4t,The Cabinet of Dr. Caligari,1920,2026-09-18,2026-09-19,,,https://boxd.it/2aOo,unique_title_year,movie,234,
412,https://boxd.it/gnLeo1,The Trial of Joan of Arc,1962,2026-09-18,2026-09-19,,,https://boxd.it/HGe,unique_title_year,movie,48764,
411,https://boxd.it/gn0pYZ,Au Hasard Balthazar,1966,2026-09-17,2026-09-18,,,https://boxd.it/1E3g,unique_title_year,movie,20108,
410,https://boxd.it/gmTtiT,Gattaca,1997,2026-09-17,2026-09-18,,,https://boxd.it/29Du,unique_title_year,movie,782,
409,https://boxd.it/gm8kX5,Battleship Potemkin,1925,2026-09-16,2026-09-17,,,https://boxd.it/29Vo,unique_title_year,movie,643,
408,https://boxd.it/glpObP,Come and See,1985,2026-09-15,2026-09-16,,,https://boxd.it/1w9q,unique_title_year,movie,25237,
407,https://boxd.it/gkFvI9,8½,1963,2026-09-14,2026-09-15,,,https://boxd.it/2aqm,unique_title_year,movie,422,
406,https://boxd.it/gjPh8x,The Night of the Hunter,1955,2026-09-13,2026-09-14,5,Yes,https://boxd.it/25HW,unique_title_year,movie,3112,
405,https://boxd.it/gjP73R,High and Low,1963,2026-09-13,2026-09-14,,Yes,https://boxd.it/1RSc,unique_title_year,movie,12493,
404,https://boxd.it/gixmKV,M,1931,2026-09-12,2026-09-13,5,Yes,https://boxd.it/29vq,unique_title_year,movie,832,
403,https://boxd.it/ggbQ8l,Carnival of Souls,1962,2026-09-09,2026-09-10,,,https://boxd.it/1KQ4,unique_title_year,movie,16093,
402,https://boxd.it/gg8ovP,Meshes of the Afternoon,1943,2026-09-09,2026-09-10,,,https://boxd.it/1sEE,unique_title_year,movie,27040,
401,https://boxd.it/gg2yBB,Enamorada,1946,2026-09-09,2026-09-10,,,https://boxd.it/3QiG,unique_title_year,movie,115301,
400,https://boxd.it/gfrsS3,Terminator 2: Judgment Day,1991,2026-09-08,2026-09-09,5,Yes,https://boxd.it/2aGY,unique_title_year,movie,280,
399,https://boxd.it/gey2Tp,Akira,1988,2026-09-07,2026-09-08,5,Yes,https://boxd.it/2b1i,unique_title_year,movie,149,
398,https://boxd.it/gddl9T,A Swedish Love Story,1970,2026-09-06,2026-09-07,,,https://boxd.it/1joi,unique_title_year,movie,31304,
397,https://boxd.it/gc6Grh,The Odyssey,2026,2026-09-05,2026-09-06,,,https://boxd.it/QFQU,unique_title_year,movie,1368337,
396,https://boxd.it/gb1Mi7,Fjord,2026,2026-09-04,2026-09-05,,,https://boxd.it/RVja,unique_title_year,movie,1401459,
395,https://boxd.it/g9gDCp,The Passion of Joan of Arc,1928,2026-09-02,2026-09-03,5,Yes,https://boxd.it/29DO,unique_title_year,movie,780,
394,https://boxd.it/g7Fr7V,Chinatown,1974,2026-08-31,2026-09-01,,,https://boxd.it/29vU,unique_title_year,movie,829,
393,https://boxd.it/g6mKtz,Training Day,2001,2026-08-30,2026-08-31,,,https://boxd.it/27A4,unique_title_year,movie,2034,
392,https://boxd.it/g5zFrb,One Battle After Another,2025,2026-08-29,2026-08-30,,Yes,https://boxd.it/DUHM,unique_title_year,movie,1054867,
391,https://boxd.it/g4clCj,Team America: World Police,2004,2026-08-28,2026-08-29,5,,https://boxd.it/24QS,unique_title_year,movie,3989,
390,https://boxd.it/g3zL9T,Tout Va Bien,1972,2026-08-27,2026-08-28,,,https://boxd.it/20AQ,unique_title_year,movie,8071,
389,https://boxd.it/g2kTJh,Yi Yi,2000,2026-08-25,2026-08-27,5,,https://boxd.it/1vCw,unique_title_year,movie,25538,
388,https://boxd.it/g0sVJ7,Ikiru,1952,2026-08-24,2026-08-25,5,,https://boxd.it/251c,unique_title_year,movie,3782,
387,https://boxd.it/fSgE1h,The Testament of Dr. Mabuse,1933,2026-08-17,2026-08-17,5,,https://boxd.it/1Sia,unique_title_year,movie,12206,
386,https://boxd.it/fQuVQB,The Red Shoes,1948,2026-08-15,2026-08-16,5,Yes,https://boxd.it/1EXI,unique_title_year,movie,19542,
385,https://boxd.it/fQALfd,Hiroshima Mon Amour,1959,2026-08-13,2026-08-16,,,https://boxd.it/22WY,unique_title_year,movie,5544,
384,https://boxd.it/fME0hD,Bob le Flambeur,1956,2026-08-11,2026-08-12,,Yes,https://boxd.it/1uC6,unique_title_year,movie,26030,
383,https://boxd.it/fM4heT,Touch of Evil,1958,2026-08-11,2026-08-12,,,https://boxd.it/28II,unique_title_year,movie,1480,
382,https://boxd.it/fK29BD,Throne of Blood,1957,2026-08-09,2026-08-10,5,,https://boxd.it/251w,unique_title_year,movie,3777,
381,https://boxd.it/fINzTp,National Lampoon's Vacation,1983,2026-08-08,2026-08-09,,,https://boxd.it/1Uvq,unique_title_year,movie,11153,
380,https://boxd.it/fINnax,Alphaville,1965,2026-08-08,2026-08-09,,,https://boxd.it/20AG,unique_title_year,movie,8072,
379,https://boxd.it/fG1pP9,Bullitt,1968,2026-08-05,2026-08-06,,,https://boxd.it/29i2,unique_title_year,movie,916,
378,https://boxd.it/fCUMtz,There Will Be Blood,2007,2026-08-03,2026-08-04,,,https://boxd.it/20Z2,unique_title_year,movie,7345,
377,https://boxd.it/fBELZ9,Do the Right Thing,1989,2026-08-02,2026-08-03,,,https://boxd.it/29gA,unique_title_year,movie,925,
376,https://boxd.it/fBCqiJ,On the Silver Globe,1988,2026-08-02,2026-08-03,,,https://boxd.it/1sAM,unique_title_year,movie,27072,
375,https://boxd.it/fxcjxp,Apocalypse Now,1979,2026-07-30,2026-07-31,5,,https://boxd.it/6ZS,unique_title_year,movie,28,
374,https://boxd.it/fv308z,One Battle After Another,2025,2026-07-28,2026-07-29,,,https://boxd.it/DUHM,unique_title_year,movie,1054867,
373,https://boxd.it/fsgNiH,"Jeanne Dielman, 23, quai du Commerce, 1080 Bruxelles",1975,2026-07-26,2026-07-27,5,,https://boxd.it/T18,unique_title_year,movie,44012,
372,https://boxd.it/frKoeB,Incendies,2010,2026-07-26,2026-07-26,,,https://boxd.it/Msm,unique_title_year,movie,46738,
371,https://boxd.it/frJTsd,Escape Plan,2013,2026-07-26,2026-07-26,3,,https://boxd.it/3DX2,unique_title_year,movie,107846,
370,https://boxd.it/flsbqf,Falling Down,1993,2026-07-20,2026-07-21,5,,https://boxd.it/194M,unique_title_year,movie,37094,
369,https://boxd.it/fhVSIj,The Cannonball Run,1981,2026-07-17,2026-07-18,,,https://boxd.it/1UdQ,unique_title_year,movie,11286,
368,https://boxd.it/fgFmS1,A Quiet Place,2018,2026-07-16,2026-07-17,,,https://boxd.it/fVJQ,unique_title_year,movie,447332,
367,https://boxd.it/fe1RdZ,Le Doulos,1962,2026-07-13,2026-07-14,,Yes,https://boxd.it/1CVg,unique_title_year,movie,20778,
366,https://boxd.it/fe1LMJ,Excalibur,1981,2026-07-13,2026-07-14,,,https://boxd.it/1TDI,unique_title_year,movie,11527,
365,https://boxd.it/f52dDJ,Independence Day,1996,2026-07-04,2026-07-05,,,https://boxd.it/2a1w,unique_title_year,movie,602,
364,https://boxd.it/f3QiTf,First Blood,1982,2026-07-03,2026-07-04,5,,https://boxd.it/28U0,unique_title_year,movie,1368,
363,https://boxd.it/eUSXTt,Monsieur Hulot's Holiday,1953,2026-06-23,2026-06-24,,,https://boxd.it/29E8,unique_title_year,movie,778,
362,https://boxd.it/eUbszr,Magnificent Warriors,1987,2026-06-22,2026-06-23,,,https://boxd.it/TYk,unique_title_year,movie,43637,
361,https://boxd.it/eTG8m1,Dragons Forever,1988,2026-06-21,2026-06-22,,,https://boxd.it/1BtK,unique_title_year,movie,21733,
360,https://boxd.it/eT3avr,Raw Deal,1986,2026-06-19,2026-06-22,,,https://boxd.it/27rw,unique_title_year,movie,2099,
359,https://boxd.it/eQxtTZ,In the Mood for Love,2000,2026-06-18,2026-06-19,,,https://boxd.it/29tE,unique_title_year,movie,843,
358,https://boxd.it/ePNEBZ,Secretary,2002,2026-06-17,2026-06-18,,,https://boxd.it/1URc,unique_title_year,movie,11013,
357,https://boxd.it/eOVPbl,Raiders of the Lost Ark,1981,2026-06-16,2026-06-17,5,,https://boxd.it/2bbs,unique_title_year,movie,85,
356,https://boxd.it/eOb1yx,Parasite,2019,2026-06-15,2026-06-16,,,https://boxd.it/hTha,unique_title_year,movie,496243,
355,https://boxd.it/eNiGGx,The Andromeda Strain,1971,2026-06-14,2026-06-15,,,https://boxd.it/1W4Q,unique_title_year,movie,10514,
354,https://boxd.it/eN7Wr7,Babygirl,2024,2026-06-14,2026-06-15,,,https://boxd.it/Fvai,unique_title_year,movie,1097549,
353,https://boxd.it/eMlqGX,Shaun of the Dead,2004,2026-06-13,2026-06-14,,,https://boxd.it/29J8,unique_title_year,movie,747,
352,https://boxd.it/eKYAFv,2001: A Space Odyssey,1968,2026-06-12,2026-06-12,5,,https://boxd.it/2bf0,unique_title_year,movie,62,
351,https://boxd.it/eJNRJ9,Come Play with Me,1977,2026-06-10,2026-06-11,,,https://boxd.it/3n5y,unique_title_year,movie,97697,
350,https://boxd.it/eJ57jr,Everything Everywhere All at Once,2022,2026-06-09,2026-06-10,,,https://boxd.it/jUk4,unique_title_year,movie,545611,
348,https://boxd.it/eHmlxj,Mission: Impossible – Fallout,2018,2026-06-07,2026-06-08,,,https://boxd.it/bSVc,unique_title_year,movie,353081,
346,https://boxd.it/eGeiJL,Blue Collar,1978,2026-06-06,2026-06-07,,,https://boxd.it/1Nhm,unique_title_year,movie,14839,
345,https://boxd.it/eG7prF,Batman,1989,2026-06-06,2026-06-07,,,https://boxd.it/2aIU,unique_title_year,movie,268,
344,https://boxd.it/eEhcJ9,Chopping Mall,1986,2026-06-04,2026-06-05,,,https://boxd.it/1ow2,unique_title_year,movie,28941,
343,https://boxd.it/eDAS39,Body Double,1984,2026-06-03,2026-06-04,,,https://boxd.it/1TGW,unique_title_year,movie,11507,
342,https://boxd.it/eDteKj,Collateral,2004,2026-06-03,2026-06-04,,,https://boxd.it/28F0,unique_title_year,movie,1538,
341,https://boxd.it/eCH92b,Amour,2012,2026-06-02,2026-06-03,5,,https://boxd.it/34Q6,unique_title_year,movie,86837,
340,https://boxd.it/eBQ9bh,Mission: Impossible – Rogue Nation,2015,2026-06-01,2026-06-02,,,https://boxd.it/5rI4,unique_title_year,movie,177677,
339,https://boxd.it/eAYaLR,Band of Outsiders,1964,2026-05-31,2026-06-01,,,https://boxd.it/20Aw,unique_title_year,movie,8073,
338,https://boxd.it/eAY4i5,Chungking Express,1994,2026-05-31,2026-06-01,5,Yes,https://boxd.it/1UDa,unique_title_year,movie,11104,
337,https://boxd.it/ezO9SX,Real Genius,1985,2026-05-30,2026-05-31,,,https://boxd.it/1OeI,unique_title_year,movie,14370,
336,https://boxd.it/ezIw1v,The Killer,1989,2026-05-30,2026-05-31,,,https://boxd.it/1Vha,unique_title_year,movie,10835,
335,https://boxd.it/eyUECJ,Eraserhead,1977,2026-05-29,2026-05-30,5,Yes,https://boxd.it/299u,unique_title_year,movie,985,
334,https://boxd.it/eyMLjN,Bride of Frankenstein,1935,2026-05-29,2026-05-30,,,https://boxd.it/2aPc,unique_title_year,movie,229,
332,https://boxd.it/ey8NOD,The Driver,1978,2026-05-28,2026-05-29,,,https://boxd.it/27jW,unique_title_year,movie,2153,
331,https://boxd.it/eysG4X,Police Story 3: Super Cop,1992,2026-05-27,2026-05-29,,,https://boxd.it/1Uyk,unique_title_year,movie,11134,
330,https://boxd.it/exgEtt,Last Night in Soho,2021,2026-05-27,2026-05-28,,,https://boxd.it/lbJC,unique_title_year,movie,576845,
329,https://boxd.it/ewzHin,Eyes Without a Face,1960,2026-05-26,2026-05-27,,,https://boxd.it/1j9i,unique_title_year,movie,31417,
328,https://boxd.it/ewseKt,Bad Lieutenant,1992,2026-05-26,2026-05-27,,,https://boxd.it/1Src,unique_title_year,movie,12143,
327,https://boxd.it/ew6idf,Taxi Driver,1976,2026-05-25,2026-05-26,5,Yes,https://boxd.it/2b8y,unique_title_year,movie,103,
326,https://boxd.it/evJgW7,Casablanca,1942,2026-05-25,2026-05-26,5,Yes,https://boxd.it/2aG0,unique_title_year,movie,289,
325,https://boxd.it/evqnDN,The Hidden Fortress,1958,2026-05-25,2026-05-26,,,https://boxd.it/295M,unique_title_year,movie,1059,
324,https://boxd.it/euIpnJ,Portrait of a Lady on Fire,2019,2026-05-24,2026-05-25,,,https://boxd.it/jkPq,unique_title_year,movie,531428,
323,https://boxd.it/etMhv5,Black Book,2006,2026-05-23,2026-05-24,,,https://boxd.it/1Zea,unique_title_year,movie,9075,
322,https://boxd.it/etHeDF,Mildred Pierce,1945,2026-05-23,2026-05-24,,,https://boxd.it/25uS,unique_title_year,movie,3309,
321,https://boxd.it/etAUW1,City on Fire,1987,2026-05-23,2026-05-24,,,https://boxd.it/XGY,unique_title_year,movie,42120,
319,https://boxd.it/esY3R7,Akira,1988,2026-05-22,2026-05-23,5,Yes,https://boxd.it/2b1i,unique_title_year,movie,149,
318,https://boxd.it/esQySf,For a Few Dollars More,1965,2026-05-22,2026-05-23,,,https://boxd.it/29eu,unique_title_year,movie,938,
317,https://boxd.it/esJRbP,Lone Wolf and Cub: Baby Cart to Hades,1972,2026-05-22,2026-05-23,,,https://boxd.it/ZhQ,unique_title_year,movie,41474,
316,https://boxd.it/escShD,Tai-Chi Master,1993,2026-05-21,2026-05-22,,,https://boxd.it/1UwS,unique_title_year,movie,11143,
315,https://boxd.it/erugBR,Elle,2016,2026-05-20,2026-05-21,,,https://boxd.it/bdhq,unique_title_year,movie,337674,
314,https://boxd.it/eqOBV5,Out for Justice,1991,2026-05-19,2026-05-20,5,,https://boxd.it/1Ofw,unique_title_year,movie,14362,
313,https://boxd.it/eqItTt,Friday Foster,1975,2026-05-19,2026-05-20,,,https://boxd.it/oQE,unique_title_year,movie,56539,
312,https://boxd.it/eqDg0l,Obsession,2025,2026-05-19,2026-05-20,,,https://boxd.it/PNqo,unique_title_year,movie,1339713,
311,https://boxd.it/eqx1T9,The Piano Teacher,2001,2026-05-18,2026-05-20,,Yes,https://boxd.it/2886,unique_title_year,movie,1791,
310,https://boxd.it/eq2Avf,The Piano Teacher,2001,2026-05-18,2026-05-19,,Yes,https://boxd.it/2886,unique_title_year,movie,1791,
309,https://boxd.it/eq1O83,The Piano Teacher,2001,2026-05-18,2026-05-19,,,https://boxd.it/2886,unique_title_year,movie,1791,
308,https://boxd.it/epeMy1,Police Story 2,1988,2026-05-17,2026-05-18,,,https://boxd.it/1VtU,unique_title_year,movie,10753,
307,https://boxd.it/ep2RHN,Jackie Brown,1997,2026-05-17,2026-05-18,5,,https://boxd.it/2aVO,unique_title_year,movie,184,
306,https://boxd.it/eoczRr,The Professional,1981,2026-05-16,2026-05-17,,,https://boxd.it/28l0,unique_title_year,movie,1672,
305,https://boxd.it/enVIXf,Sanjuro,1962,2026-05-16,2026-05-17,,,https://boxd.it/1TaQ,unique_title_year,movie,11712,
304,https://boxd.it/eni4sj,Danger: Diabolik,1968,2026-05-15,2026-05-16,,,https://boxd.it/25Zc,unique_title_year,movie,2994,
303,https://boxd.it/emASI9,Police Story,1985,2026-05-14,2026-05-15,,,https://boxd.it/1Zhe,unique_title_year,movie,9056,
302,https://boxd.it/elLxIl,Harakiri,1962,2026-05-13,2026-05-14,,,https://boxd.it/1NTU,unique_title_year,movie,14537,
301,https://boxd.it/el9ay7,Turbo Kid,2015,2026-05-13,2026-05-13,5,Yes,https://boxd.it/9X0c,unique_title_year,movie,310135,
300,https://boxd.it/el39mx,Shogun Assassin,1980,2026-05-12,2026-05-13,,,https://boxd.it/1MM4,unique_title_year,movie,15119,
298,https://boxd.it/ekkV5J,The Seventh Seal,1957,2026-05-11,2026-05-12,,,https://boxd.it/2ahO,unique_title_year,movie,490,
297,https://boxd.it/ek6D9v,Le Cercle Rouge,1970,2026-05-10,2026-05-12,,Yes,https://boxd.it/1Tjy,unique_title_year,movie,11657,
296,https://boxd.it/ejn7zV,"Crouching Tiger, Hidden Dragon",2000,2026-05-10,2026-05-11,5,,https://boxd.it/2b1M,unique_title_year,movie,146,
294,https://boxd.it/eivP0d,The Raid 2,2014,2026-05-09,2026-05-10,,,https://boxd.it/5uz0,unique_title_year,movie,180299,
293,https://boxd.it/eieQtr,In the Line of Duty 4,1989,2026-05-09,2026-05-10,,,https://boxd.it/134G,unique_title_year,movie,39854,
292,https://boxd.it/ehBSuj,Society,1989,2026-05-08,2026-05-09,,,https://boxd.it/1ARc,unique_title_year,movie,22244,
290,https://boxd.it/egY8U3,La Haine,1995,2026-05-07,2026-05-08,5,Yes,https://boxd.it/2as8,unique_title_year,movie,406,
289,https://boxd.it/egfD9H,Atomic Blonde,2017,2026-05-06,2026-05-07,,,https://boxd.it/blDk,unique_title_year,movie,341013,
288,https://boxd.it/efzMCz,A Very Long Engagement,2004,2026-05-05,2026-05-06,,,https://boxd.it/26dy,unique_title_year,movie,2841,
287,https://boxd.it/eeSAjf,The Empire Strikes Back,1980,2026-05-04,2026-05-05,5,,https://boxd.it/27Vw,unique_title_year,movie,1891,
286,https://boxd.it/eeS08Z,Royal Warriors,1986,2026-05-04,2026-05-05,5,,https://boxd.it/Pve,unique_title_year,movie,45450,
285,https://boxd.it/edPpOr,Lady Snowblood,1973,2026-05-03,2026-05-04,,,https://boxd.it/26Fi,unique_title_year,movie,2487,
284,https://boxd.it/ecY4jV,Total Recall,1990,2026-05-02,2026-05-03,5,Yes,https://boxd.it/29qK,unique_title_year,movie,861,
283,https://boxd.it/ecKE2D,Jaws,1975,2026-05-02,2026-05-03,5,Yes,https://boxd.it/2a5e,unique_title_year,movie,578,
282,https://boxd.it/ebWQQF,Children of Men,2006,2026-05-01,2026-05-02,,,https://boxd.it/1Y2i,unique_title_year,movie,9693,
281,https://boxd.it/ebPhYv,Lone Wolf and Cub: Baby Cart at the River Styx,1972,2026-05-01,2026-05-02,,,https://boxd.it/1I2Q,unique_title_year,movie,17810,
280,https://boxd.it/eb9hPT,Lone Wolf and Cub: Sword of Vengeance,1972,2026-04-30,2026-05-01,,,https://boxd.it/Zia,unique_title_year,movie,41471,
279,https://boxd.it/eb3plF,Magic Crystal,1986,2026-04-30,2026-05-01,,,https://boxd.it/4xWO,unique_title_year,movie,142300,
278,https://boxd.it/egXNBp,La Haine,1995,2026-04-29,2026-05-08,5,Yes,https://boxd.it/2as8,unique_title_year,movie,406,
277,https://boxd.it/eam0tN,China O'Brien,1990,2026-04-29,2026-04-30,,,https://boxd.it/1QtK,unique_title_year,movie,13293,
276,https://boxd.it/e9IIt3,Possession,1981,2026-04-28,2026-04-29,,,https://boxd.it/1BPm,unique_title_year,movie,21484,
275,https://boxd.it/e907Gh,Benedetta,2021,2026-04-27,2026-04-28,,,https://boxd.it/gdNQ,unique_title_year,movie,454527,
274,https://boxd.it/e8LJS1,Kill Bill: Vol. 2,2004,2026-04-26,2026-04-28,,Yes,https://boxd.it/2au4,unique_title_year,movie,393,
273,https://boxd.it/e7ZhhP,The Iron-Fisted Monk,1977,2026-04-26,2026-04-27,,,https://boxd.it/130E,unique_title_year,movie,39881,
272,https://boxd.it/e7ETxp,Kill Bill: Vol. 1,2003,2026-04-25,2026-04-26,,,https://boxd.it/70w,unique_title_year,movie,24,
271,https://boxd.it/e75359,"Yes, Madam!",1985,2026-04-25,2026-04-26,,,https://boxd.it/13EE,unique_title_year,movie,39448,
270,https://boxd.it/e6HjDX,Maîtresse,1976,2026-04-24,2026-04-25,,,https://boxd.it/LQi,unique_title_year,movie,46978,
269,https://boxd.it/elpBqL,Yojimbo,1961,2026-04-23,2026-05-13,,,https://boxd.it/1SRY,unique_title_year,movie,11878,
267,https://boxd.it/e2utoh,North by Northwest,1959,2026-04-19,2026-04-20,,,https://boxd.it/2aRM,unique_title_year,movie,213,
266,https://boxd.it/e1GOS3,Righting Wrongs,1986,2026-04-18,2026-04-19,5,,https://boxd.it/8NY,unique_title_year,movie,66212,
265,https://boxd.it/e0UaoB,Near Dark,1987,2026-04-17,2026-04-18,,,https://boxd.it/1SRO,unique_title_year,movie,11879,
264,https://boxd.it/e0LseL,Top Gun: Maverick,2022,2026-04-17,2026-04-18,,,https://boxd.it/cjr4,unique_title_year,movie,361743,
263,https://boxd.it/e0e7xB,Sinners,2025,2026-04-16,2026-04-17,,,https://boxd.it/KQMM,unique_title_year,movie,1233413,
262,https://boxd.it/e06mTV,RoboCop 2,1990,2026-04-16,2026-04-17,,,https://boxd.it/22Wk,unique_title_year,movie,5549,
260,https://boxd.it/dYHw2X,Turbo Kid,2015,2026-04-14,2026-04-15,5,,https://boxd.it/9X0c,unique_title_year,movie,310135,
259,https://boxd.it/dXY809,Idiocracy,2006,2026-04-13,2026-04-14,,,https://boxd.it/20RW,unique_title_year,movie,7512,
258,https://boxd.it/dUklCj,Tron,1982,2026-04-09,2026-04-10,,,https://boxd.it/2b9w,unique_title_year,movie,97,
257,https://boxd.it/dTCU23,The Reader,2008,2026-04-08,2026-04-09,,,https://boxd.it/20Dq,unique_title_year,movie,8055,
256,https://boxd.it/dSP87h,GoodFellas,1990,2026-04-07,2026-04-08,,,https://boxd.it/29FA,unique_title_year,movie,769,
255,https://boxd.it/dS0UIN,Apollo 13,1995,2026-04-06,2026-04-07,,,https://boxd.it/2a6G,unique_title_year,movie,568,
254,https://boxd.it/dROkAT,Les Misérables,1958,2026-04-06,2026-04-07,,Yes,https://boxd.it/24nQ,unique_title_year,movie,4412,
253,https://boxd.it/dRFiWb,Hard Boiled,1992,2026-04-06,2026-04-07,,,https://boxd.it/1T6a,unique_title_year,movie,11782,
252,https://boxd.it/dP220J,Ran,1985,2026-04-03,2026-04-04,,,https://boxd.it/1Tlu,unique_title_year,movie,11645,
251,https://boxd.it/dOiG2D,Frankenstein,1931,2026-04-03,2026-04-04,,Yes,https://boxd.it/25Te,unique_title_year,movie,3035,
250,https://boxd.it/dNszKz,Stalker,1979,2026-04-02,2026-04-03,,,https://boxd.it/28PO,unique_title_year,movie,1398,
249,https://boxd.it/dMGAIj,RoboCop,1987,2026-04-01,2026-04-02,,,https://boxd.it/22Wu,unique_title_year,movie,5548,
248,https://boxd.it/dMqBJZ,Death Race 2000,1975,2026-04-01,2026-04-02,,,https://boxd.it/1QuI,unique_title_year,movie,13282,
247,https://boxd.it/dLKDQz,Fantastic Planet,1973,2026-03-31,2026-04-01,,,https://boxd.it/1KnQ,unique_title_year,movie,16306,
246,https://boxd.it/dN3m9P,Hobo with a Shotgun,2011,2026-03-30,2026-04-02,5,,https://boxd.it/H5s,unique_title_year,movie,49010,
245,https://boxd.it/dLhHyh,Ballerina,2025,2026-03-30,2026-03-31,,,https://boxd.it/jKqG,unique_title_year,movie,541671,
244,https://boxd.it/dKQGuf,Hobo with a Shotgun,2007,2026-03-30,2026-03-31,5,,https://boxd.it/6pZO,unique_title_year,,,
243,https://boxd.it/dK0SsV,Point Blank,1967,2026-03-29,2026-03-30,,,https://boxd.it/1uAE,unique_title_year,movie,26039,
241,https://boxd.it/dJDgaN,Xtro,1982,2026-03-29,2026-03-30,,,https://boxd.it/1v1q,unique_title_year,movie,25834,
239,https://boxd.it/dIRStH,The Red Shoes,1948,2026-03-28,2026-03-29,,,https://boxd.it/1EXI,unique_title_year,movie,19542,
238,https://boxd.it/dICrf9,Adoration,2013,2026-03-28,2026-03-29,,,https://boxd.it/3JEU,unique_title_year,movie,111190,
237,https://boxd.it/dHR4Th,Con Air,1997,2026-03-27,2026-03-28,,,https://boxd.it/28gO,unique_title_year,movie,1701,
235,https://boxd.it/dGeH8R,John Wick: Chapter 4,2023,2026-03-25,2026-03-26,,,https://boxd.it/mh48,unique_title_year,movie,603692,
233,https://boxd.it/dEBG93,John Wick: Chapter 3 – Parabellum,2019,2026-03-23,2026-03-24,,,https://boxd.it/gmFw,unique_title_year,movie,458156,
232,https://boxd.it/dErmWz,Prince of Darkness,1987,2026-03-23,2026-03-24,,Yes,https://boxd.it/1ZKq,unique_title_year,movie,8852,
231,https://boxd.it/dDI6Ax,Prince of Darkness,1987,2026-03-22,2026-03-23,,,https://boxd.it/1ZKq,unique_title_year,movie,8852,
230,https://boxd.it/dDI4RB,John Wick: Chapter 2,2017,2026-03-22,2026-03-23,,,https://boxd.it/ayGu,unique_title_year,movie,324552,
229,https://boxd.it/dDI3Mv,Ben-Hur,1959,2026-03-22,2026-03-23,,Yes,https://boxd.it/29RQ,unique_title_year,movie,665,
228,https://boxd.it/dCvq4V,John Wick,2014,2026-03-21,2026-03-22,,Yes,https://boxd.it/7dEc,unique_title_year,movie,245891,
227,https://boxd.it/dCuYdv,Ben-Hur,1959,2026-03-21,2026-03-22,,,https://boxd.it/29RQ,unique_title_year,movie,665,
226,https://boxd.it/dBv8kn,The Girl Next Door,2004,2026-03-20,2026-03-21,,,https://boxd.it/1VSq,unique_title_year,movie,10591,
225,https://boxd.it/dAI01z,Twister,1996,2026-03-19,2026-03-20,,,https://boxd.it/29S0,unique_title_year,movie,664,
224,https://boxd.it/dABwmZ,La La Land,2016,2026-03-19,2026-03-20,,,https://boxd.it/a5fa,unique_title_year,movie,313369,
223,https://boxd.it/dABqRx,Zodiac,2007,2026-03-19,2026-03-20,,,https://boxd.it/27MO,unique_title_year,movie,1949,
222,https://boxd.it/dzalKt,The Lord of the Rings: The Fellowship of the Ring,2001,2026-03-17,2026-03-18,,Yes,https://boxd.it/2b5O,unique_title_year,movie,120,
221,https://boxd.it/dymUHT,The Lord of the Rings: The Fellowship of the Ring,2001,2026-03-16,2026-03-17,,,https://boxd.it/2b5O,unique_title_year,movie,120,
220,https://boxd.it/dyknoF,Immoral Tales,1973,2026-03-16,2026-03-17,,,https://boxd.it/MQS,unique_title_year,movie,46581,
219,https://boxd.it/dxzfeD,First Man,2018,2026-03-15,2026-03-16,,,https://boxd.it/cPym,unique_title_year,movie,369972,
218,https://boxd.it/dxjCHL,Secret Things,2002,2026-03-15,2026-03-16,,,https://boxd.it/1c2O,unique_title_year,movie,35712,
217,https://boxd.it/dvxpit,Beneath the Valley of the Ultra-Vixens,1979,2026-03-13,2026-03-14,,,https://boxd.it/23hM,unique_title_year,movie,5157,
216,https://boxd.it/dvxowp,John Wick,2014,2026-03-13,2026-03-14,,,https://boxd.it/7dEc,unique_title_year,movie,245891,
215,https://boxd.it/dvigMJ,Drunken Master II,1994,2026-03-13,2026-03-14,,,https://boxd.it/1Si0,unique_title_year,movie,12207,
214,https://boxd.it/dvdwgf,Alien: Romulus,2024,2026-03-12,2026-03-14,,,https://boxd.it/zGqO,unique_title_year,movie,945961,
213,https://boxd.it/du6WxN,Psycho,1960,2026-03-11,2026-03-12,5,,https://boxd.it/2ab2,unique_title_year,movie,539,
212,https://boxd.it/du6FM7,Aliens,1986,2026-03-11,2026-03-12,5,Yes,https://boxd.it/29PA,unique_title_year,movie,679,
211,https://boxd.it/dtqs43,Aliens,1986,2026-03-10,2026-03-11,5,Yes,https://boxd.it/29PA,unique_title_year,movie,679,
210,https://boxd.it/dsHZGf,The Northman,2022,2026-03-09,2026-03-10,,,https://boxd.it/nK2s,unique_title_year,movie,639933,
209,https://boxd.it/drURXT,Drunken Master,1978,2026-03-08,2026-03-09,,,https://boxd.it/1Ujk,unique_title_year,movie,11230,
208,https://boxd.it/drp3fP,Dumb and Dumber,1994,2026-03-07,2026-03-09,,,https://boxd.it/206m,unique_title_year,movie,8467,
206,https://boxd.it/dnTyWp,Basic Instinct,1992,2026-03-03,2026-03-04,,,https://boxd.it/2asM,unique_title_year,movie,402,
205,https://boxd.it/dnLkyR,Mad Max 2,1981,2026-03-03,2026-03-04,,,https://boxd.it/1ZPg,unique_title_year,movie,8810,
204,https://boxd.it/dljzyD,Ghost in the Shell,1995,2026-02-28,2026-03-01,,,https://boxd.it/1YYc,unique_title_year,movie,9323,
203,https://boxd.it/dl2kWB,Prey,2022,2026-02-28,2026-03-01,,Yes,https://boxd.it/sNBU,unique_title_year,movie,766507,
202,https://boxd.it/dkN42H,The Way of the Dragon,1972,2026-02-27,2026-02-28,,,https://boxd.it/1YCq,unique_title_year,movie,9462,
201,https://boxd.it/dkowU3,Ilsa: She Wolf of the SS,1975,2026-02-27,2026-02-28,,,https://boxd.it/1CPC,unique_title_year,movie,20850,
200,https://boxd.it/dkovcz,A Fistful of Dollars,1964,2026-02-27,2026-02-28,,,https://boxd.it/2auo,unique_title_year,movie,391,
197,https://boxd.it/dj0J01,Ghost in the Shell 2.0,2008,2026-02-26,2026-02-26,,,https://boxd.it/1OLW,unique_title_year,movie,14092,
196,https://boxd.it/diVVxr,Total Recall,1990,2026-02-25,2026-02-26,5,,https://boxd.it/29qK,unique_title_year,movie,861,
195,https://boxd.it/dibiNt,Ronin,1998,2026-02-24,2026-02-25,,,https://boxd.it/20wa,unique_title_year,movie,8195,
193,https://boxd.it/dhlX1V,Modern Times,1936,2026-02-23,2026-02-24,,,https://boxd.it/25MC,unique_title_year,movie,3082,
192,https://boxd.it/dhhmBz,The Pianist,2002,2026-02-23,2026-02-24,,,https://boxd.it/2aqc,unique_title_year,movie,423,
191,https://boxd.it/dhc1On,Gwendoline,1984,2026-02-23,2026-02-24,,,https://boxd.it/1F9Y,unique_title_year,movie,19400,
190,https://boxd.it/dgobqZ,Mulholland Drive,2001,2026-02-22,2026-02-23,,,https://boxd.it/297o,unique_title_year,movie,1018,
189,https://boxd.it/dgoa1f,The Taking of Pelham One Two Three,1974,2026-02-22,2026-02-23,,,https://boxd.it/20lG,unique_title_year,movie,8333,
188,https://boxd.it/dfZrAL,True Lies,1994,2026-02-22,2026-02-23,,,https://boxd.it/19pq,unique_title_year,movie,36955,
187,https://boxd.it/dfX1jP,The Three Musketeers: D'Artagnan,2023,2026-02-22,2026-02-23,,,https://boxd.it/tXF0,unique_title_year,movie,796185,
186,https://boxd.it/dfeXAp,The Revenant,2015,2026-02-22,2026-02-22,,,https://boxd.it/8H5e,unique_title_year,movie,281957,
185,https://boxd.it/dfbAcN,The Lighthouse,2019,2026-02-21,2026-02-22,5,,https://boxd.it/icFU,unique_title_year,movie,503919,
184,https://boxd.it/df083V,Nosferatu,2024,2026-02-21,2026-02-22,,,https://boxd.it/f5eG,unique_title_year,movie,426063,
183,https://boxd.it/deZS3Z,Nosferatu,1922,2026-02-21,2026-02-22,,,https://boxd.it/29TM,unique_title_year,movie,653,
182,https://boxd.it/deyDn7,Dune: Part Two,2024,2026-02-20,2026-02-21,5,,https://boxd.it/pUfA,unique_title_year,movie,693134,
181,https://boxd.it/ddiqw5,Black Hawk Down,2001,2026-02-19,2026-02-20,,,https://boxd.it/29rI,unique_title_year,movie,855,
180,https://boxd.it/dd8xPj,1917,2019,2026-02-19,2026-02-20,,,https://boxd.it/jj4y,unique_title_year,movie,530915,
179,https://boxd.it/dcgGBn,Under the Skin,2013,2026-02-18,2026-02-19,,,https://boxd.it/3mDa,unique_title_year,movie,698232,
178,https://boxd.it/dcgM9z,Apollo 11,2019,2026-02-17,2026-02-19,,,https://boxd.it/k4r0,unique_title_year,movie,549559,
177,https://boxd.it/dbmIlp,Blade Runner,1982,2026-02-17,2026-02-18,5,Yes,https://boxd.it/2bcA,unique_title_year,movie,78,
176,https://boxd.it/daWjo7,Blade Runner,1982,2026-02-16,2026-02-17,5,,https://boxd.it/2bcA,unique_title_year,movie,78,
175,https://boxd.it/daWix3,The Substance,2024,2026-02-16,2026-02-17,,,https://boxd.it/zanS,unique_title_year,movie,933260,
174,https://boxd.it/dalkCF,The Third Man,1949,2026-02-16,2026-02-17,5,,https://boxd.it/294E,unique_title_year,movie,1092,
173,https://boxd.it/d9h0D7,Lawrence of Arabia,1962,2026-02-15,2026-02-16,5,Yes,https://boxd.it/2wRE,unique_title_year,movie,947,
172,https://boxd.it/d92nTd,Le Samouraï,1967,2026-02-15,2026-02-16,5,,https://boxd.it/22ZI,unique_title_year,movie,5511,
171,https://boxd.it/d75IBx,The Martian,2015,2026-02-13,2026-02-14,,,https://boxd.it/8SeG,unique_title_year,movie,286217,
170,https://boxd.it/d6rw2b,The Abyss,1989,2026-02-12,2026-02-13,,,https://boxd.it/26mK,unique_title_year,movie,2756,
169,https://boxd.it/d5HXoB,The Texas Chain Saw Massacre,1974,2026-02-11,2026-02-12,,,https://boxd.it/1lcS,unique_title_year,movie,30497,
168,https://boxd.it/d5ERwX,Jaws,1975,2026-02-11,2026-02-12,5,,https://boxd.it/2a5e,unique_title_year,movie,578,
167,https://boxd.it/d5ETfT,Akira,1988,2026-02-10,2026-02-12,5,,https://boxd.it/2b1i,unique_title_year,movie,149,
166,https://boxd.it/d4chdP,Predator,1987,2026-02-09,2026-02-10,5,,https://boxd.it/2b84,unique_title_year,movie,106,
165,https://boxd.it/d459nX,Supervixens,1975,2026-02-09,2026-02-10,,,https://boxd.it/22Gm,unique_title_year,movie,5725,
164,https://boxd.it/d40UIN,Dune,2021,2026-02-08,2026-02-10,,,https://boxd.it/fA7G,unique_title_year,movie,438631,
163,https://boxd.it/d2ghQx,The Sixth Sense,1999,2026-02-07,2026-02-08,,,https://boxd.it/29Js,unique_title_year,movie,745,
162,https://boxd.it/d272dd,Dragon Inn,1967,2026-02-07,2026-02-08,,,https://boxd.it/3xGa,unique_title_year,movie,104237,
161,https://boxd.it/d1URuX,The Double Life of Véronique,1991,2026-02-07,2026-02-08,5,,https://boxd.it/28va,unique_title_year,movie,1600,
160,https://boxd.it/d1g8bh,The Thing,1982,2026-02-06,2026-02-07,5,,https://boxd.it/294O,unique_title_year,movie,1091,
159,https://boxd.it/d1bYxf,La Haine,1995,2026-02-06,2026-02-07,5,,https://boxd.it/2as8,unique_title_year,movie,406,
158,https://boxd.it/d0IogT,Aliens,1986,2026-02-06,2026-02-06,5,Yes,https://boxd.it/29PA,unique_title_year,movie,679,
157,https://boxd.it/d0iLRh,The Terminator,1984,2026-02-05,2026-02-06,5,,https://boxd.it/2aQY,unique_title_year,movie,218,
156,https://boxd.it/cZzSoB,Singin' in the Rain,1952,2026-02-04,2026-02-05,,,https://boxd.it/29oY,unique_title_year,movie,872,
155,https://boxd.it/cZzR0X,Alien,1979,2026-02-04,2026-02-05,5,,https://boxd.it/2awY,unique_title_year,movie,348,
154,https://boxd.it/cZ13QV,Blade Runner 2049,2017,2026-02-04,2026-02-04,5,,https://boxd.it/b8wK,unique_title_year,movie,335984,
153,https://boxd.it/cZ0Svx,Lawrence of Arabia,1962,2026-02-03,2026-02-04,5,,https://boxd.it/2wRE,unique_title_year,movie,947,
152,https://boxd.it/cXIGnr,Threads,1984,2026-02-02,2026-02-03,,,https://boxd.it/1I0g,unique_title_year,movie,17835,
151,https://boxd.it/cXf8AD,Dune,1984,2026-02-02,2026-02-02,,Yes,https://boxd.it/29tY,unique_title_year,movie,841,
150,https://boxd.it/cWKaFt,The Living Dead Girl,1982,2026-02-01,2026-02-02,,,https://boxd.it/2F6M,unique_title_year,movie,77010,
149,https://boxd.it/cWBDwn,To Kill a Mockingbird,1962,2026-02-01,2026-02-02,,,https://boxd.it/2a2E,unique_title_year,movie,595,
148,https://boxd.it/cWhAat,Bad Lieutenant: Port of Call – New Orleans,2009,2026-02-01,2026-02-02,,,https://boxd.it/1TcW,unique_title_year,movie,11699,
147,https://boxd.it/cWbj7P,The Truman Show,1998,2026-01-31,2026-02-02,,,https://boxd.it/18U8,unique_title_year,movie,37165,
146,https://boxd.it/cVne9L,The Visitors,1993,2026-01-31,2026-02-01,,,https://boxd.it/1TeI,unique_title_year,movie,11687,
145,https://boxd.it/cVcWtj,Truck Turner,1974,2026-01-31,2026-02-01,,,https://boxd.it/1B1c,unique_title_year,movie,22121,
144,https://boxd.it/cUsQWx,The Seven Year Itch,1955,2026-01-30,2026-01-31,,,https://boxd.it/1VIK,unique_title_year,movie,10653,
143,https://boxd.it/cUkaRJ,Three Colours: Blue,1993,2026-01-30,2026-01-31,,,https://boxd.it/2b7K,unique_title_year,movie,108,
142,https://boxd.it/cUbeP5,The Trouble with Harry,1955,2026-01-30,2026-01-31,,,https://boxd.it/1Ul6,unique_title_year,movie,11219,
140,https://boxd.it/cTyH03,La Cérémonie,1995,2026-01-29,2026-01-30,,,https://boxd.it/287C,unique_title_year,movie,1802,
139,https://boxd.it/cTqzBf,Dawn of the Dead,1978,2026-01-29,2026-01-30,,,https://boxd.it/29gU,unique_title_year,movie,923,
138,https://boxd.it/cSGDgj,Mars Express,2023,2026-01-28,2026-01-29,,,https://boxd.it/lATC,unique_title_year,movie,586810,
137,https://boxd.it/cSys2J,Hiroshima,1953,2026-01-28,2026-01-29,,,https://boxd.it/8i0I,unique_title_year,movie,273433,
136,https://boxd.it/cRHyOX,Blind Beast,1969,2026-01-27,2026-01-28,,,https://boxd.it/1rQ0,unique_title_year,movie,27425,
135,https://boxd.it/cRAKnZ,Gainsbourg: A Heroic Life,2010,2026-01-27,2026-01-28,,,https://boxd.it/1iaa,unique_title_year,movie,31900,
134,https://boxd.it/cQIi2L,Schindler's List,1993,2026-01-26,2026-01-27,,,https://boxd.it/2aq2,unique_title_year,movie,424,
133,https://boxd.it/cPy35h,The Church,1989,2026-01-25,2026-01-26,,,https://boxd.it/11Zg,unique_title_year,movie,40364,
132,https://boxd.it/cNRgqn,Enemy at the Gates,2001,2026-01-24,2026-01-25,,,https://boxd.it/29s2,unique_title_year,movie,853,
131,https://boxd.it/cNIaCJ,Hamnet,2025,2026-01-24,2026-01-25,,,https://boxd.it/woVy,unique_title_year,movie,858024,
130,https://boxd.it/cNgtZB,Moon,2009,2026-01-24,2026-01-24,,,https://boxd.it/1IGQ,unique_title_year,movie,17431,
129,https://boxd.it/cMLLJJ,The 39 Steps,1935,2026-01-23,2026-01-24,,Yes,https://boxd.it/2aKc,unique_title_year,movie,260,
128,https://boxd.it/cLWhKP,The 8 Diagram Pole Fighter,1984,2026-01-22,2026-01-23,5,,https://boxd.it/1h2a,unique_title_year,movie,32520,
127,https://boxd.it/cLaDXP,Woman in Chains,1968,2026-01-21,2026-01-22,,,https://boxd.it/2tnc,unique_title_year,movie,70496,
126,https://boxd.it/cL5Pv9,"I, the Executioner",1968,2026-01-21,2026-01-22,,,https://boxd.it/47rA,unique_title_year,movie,125270,
125,https://boxd.it/cK9Sxh,Some Like It Hot,1959,2026-01-20,2026-01-21,,,https://boxd.it/2aNA,unique_title_year,movie,239,
124,https://boxd.it/cJhsGp,Lost Highway,1997,2026-01-19,2026-01-20,,,https://boxd.it/29Wc,unique_title_year,movie,638,
123,https://boxd.it/cJ75QB,One Flew Over the Cuckoo's Nest,1975,2026-01-19,2026-01-20,,,https://boxd.it/2aeA,unique_title_year,movie,510,
122,https://boxd.it/cHVVLF,Zombieland,2009,2026-01-18,2026-01-19,,,https://boxd.it/1En6,unique_title_year,movie,19908,
121,https://boxd.it/cHVV1H,Cheeky,2000,2026-01-18,2026-01-19,,,https://boxd.it/1Ab6,unique_title_year,movie,22705,
120,https://boxd.it/cGV7xf,Metropolis,1927,2026-01-17,2026-01-18,,,https://boxd.it/71a,unique_title_year,movie,19,
119,https://boxd.it/cHm0aH,Torso,1973,2026-01-16,2026-01-18,,Yes,https://boxd.it/1iGg,unique_title_year,movie,31624,
118,https://boxd.it/cFCN1j,Sorcerer,1977,2026-01-16,2026-01-17,,,https://boxd.it/14J6,unique_title_year,movie,38985,
117,https://boxd.it/cENDSZ,Dial M for Murder,1954,2026-01-16,2026-01-16,,,https://boxd.it/2adW,unique_title_year,movie,521,
116,https://boxd.it/cEG61f,Hussy,1980,2026-01-15,2026-01-16,,,https://boxd.it/359C,unique_title_year,movie,86706,
115,https://boxd.it/cEG40T,Platoon,1986,2026-01-15,2026-01-16,,,https://boxd.it/29BS,unique_title_year,movie,792,
114,https://boxd.it/cEnZ0N,They Live,1988,2026-01-14,2026-01-16,,,https://boxd.it/20lm,unique_title_year,movie,8337,
113,https://boxd.it/cDH0wJ,Boogie Nights,1997,2026-01-14,2026-01-15,,,https://boxd.it/23um,unique_title_year,movie,4995,
112,https://boxd.it/cCNeIH,Rope,1948,2026-01-13,2026-01-14,,,https://boxd.it/28yo,unique_title_year,movie,1580,
111,https://boxd.it/cCIgYn,Touchez Pas au Grisbi,1954,2026-01-13,2026-01-14,,,https://boxd.it/1rPw,unique_title_year,movie,27430,
110,https://boxd.it/cCGMPX,Lips of Blood,1975,2026-01-13,2026-01-14,,,https://boxd.it/1o8O,unique_title_year,movie,29128,
109,https://boxd.it/cCu3Dj,Brazil,1985,2026-01-12,2026-01-14,,,https://boxd.it/2be2,unique_title_year,movie,68,
108,https://boxd.it/cAH3Zx,Come Drink with Me,1966,2026-01-11,2026-01-12,,,https://boxd.it/1uf2,unique_title_year,movie,26259,
107,https://boxd.it/cAAZel,The Last Metro,1980,2026-01-11,2026-01-12,,,https://boxd.it/28fc,unique_title_year,movie,1716,
106,https://boxd.it/cAxttd,Fight Club,1999,2026-01-11,2026-01-12,,,https://boxd.it/2a9q,unique_title_year,movie,550,
105,https://boxd.it/czbBl9,Life Is Beautiful,1997,2026-01-10,2026-01-11,,,https://boxd.it/29Wm,unique_title_year,movie,637,
104,https://boxd.it/cz4pmF,The Sorrow and the Pity,1969,2026-01-10,2026-01-11,,Yes,https://boxd.it/NFgQ,unique_title_year,tv,128062,
103,https://boxd.it/cxZQKP,Wild at Heart,1990,2026-01-09,2026-01-10,,,https://boxd.it/2aii,unique_title_year,movie,483,
102,https://boxd.it/cxOiuL,The House on Sorority Row,1982,2026-01-09,2026-01-10,,,https://boxd.it/12b2,unique_title_year,movie,40229,
101,https://boxd.it/cxg4uJ,48 Hrs.,1982,2026-01-09,2026-01-09,,,https://boxd.it/2b18,unique_title_year,movie,150,
100,https://boxd.it/cwLT09,Sweet Sixteen,1983,2026-01-08,2026-01-09,,,https://boxd.it/2J54,unique_title_year,movie,78552,
99,https://boxd.it/cwFwcf,Student Bodies,1981,2026-01-08,2026-01-09,,,https://boxd.it/1BMi,unique_title_year,movie,21515,
98,https://boxd.it/cvMSA9,Eraserhead,1977,2026-01-07,2026-01-08,,,https://boxd.it/299u,unique_title_year,movie,985,
97,https://boxd.it/cvMCxD,El Mariachi,1992,2026-01-07,2026-01-08,,,https://boxd.it/1YRq,unique_title_year,movie,9367,
96,https://boxd.it/cvF5KP,The Second Death,2000,2026-01-07,2026-01-08,,,https://boxd.it/54xM,unique_title_year,movie,162787,
95,https://boxd.it/cvyMd1,The Guard,2011,2026-01-07,2026-01-08,,,https://boxd.it/2eBS,unique_title_year,movie,67913,
94,https://boxd.it/cuBhxr,Twelve Monkeys,1995,2026-01-06,2026-01-07,,,https://boxd.it/2beQ,unique_title_year,movie,63,
93,https://boxd.it/cuoHyp,Brain Dead,1990,2026-01-06,2026-01-07,,,https://boxd.it/22os,unique_title_year,movie,5898,
92,https://boxd.it/ctn7Qh,Under Siege 2: Dark Territory,1995,2026-01-05,2026-01-06,,,https://boxd.it/25jg,unique_title_year,movie,3512,
91,https://boxd.it/ctfD3F,M,1931,2026-01-05,2026-01-06,,,https://boxd.it/29vq,unique_title_year,movie,832,
90,https://boxd.it/crS9O7,Tora! Tora! Tora!,1970,2026-01-04,2026-01-05,,,https://boxd.it/1UtE,unique_title_year,movie,11165,
89,https://boxd.it/cQ6Yjt,A.I. Artificial Intelligence,2001,2026-01-03,2026-01-27,,Yes,https://boxd.it/29Ve,unique_title_year,movie,644,
88,https://boxd.it/cq42Yb,The Night of the Hunter,1955,2026-01-03,2026-01-04,,,https://boxd.it/25HW,unique_title_year,movie,3112,
87,https://boxd.it/covSIv,Scream,1996,2026-01-02,2026-01-03,,,https://boxd.it/24EC,unique_title_year,movie,4232,
86,https://boxd.it/cogYsD,Get Carter,1971,2026-01-02,2026-01-03,,,https://boxd.it/28HU,unique_title_year,movie,1485,
85,https://boxd.it/co8eLj,Les Misérables,1958,2026-01-02,2026-01-03,,,https://boxd.it/24nQ,unique_title_year,movie,4412,
84,https://boxd.it/cnB52D,The Elephant Man,1980,2026-01-01,2026-01-02,,,https://boxd.it/27LQ,unique_title_year,movie,1955,
83,https://boxd.it/cmJOth,Flesh + Blood,1985,2026-01-01,2026-01-02,,,https://boxd.it/1Rg8,unique_title_year,movie,12775,
82,https://boxd.it/cmqajD,Natural Born Killers,1994,2026-01-01,2026-01-02,,,https://boxd.it/2aNg,unique_title_year,movie,241,
81,https://boxd.it/clMTMP,PlayTime,1967,2025-12-31,2026-01-01,5,,https://boxd.it/1WLK,unique_title_year,movie,10227,
80,https://boxd.it/clG491,The Grand Budapest Hotel,2014,2025-12-31,2026-01-01,,,https://boxd.it/3ZqO,unique_title_year,movie,120467,
79,https://boxd.it/ckDBkB,J'Accuse,1919,2025-12-30,2025-12-31,,,https://boxd.it/2sBC,unique_title_year,movie,70804,
78,https://boxd.it/cjmKWV,Cemetery Man,1994,2025-12-29,2025-12-30,,,https://boxd.it/1BES,unique_title_year,movie,21588,
77,https://boxd.it/cjcKrj,Carry On Abroad,1972,2025-12-29,2025-12-30,3.5,,https://boxd.it/1Fqg,unique_title_year,movie,19252,
76,https://boxd.it/cicNOV,Embrace of the Serpent,2015,2025-12-28,2025-12-29,,,https://boxd.it/baba,unique_title_year,movie,336808,
75,https://boxd.it/ceZDsH,Miami Vice,2006,2025-12-26,2025-12-26,2.5,,https://boxd.it/2bbW,unique_title_year,movie,82,
74,https://boxd.it/cejZHF,Evil Dead,2013,2025-12-25,2025-12-26,3,,https://boxd.it/3GPq,unique_title_year,movie,109428,
73,https://boxd.it/ccidqL,Manon of the Spring,1986,2025-12-23,2025-12-24,5,,https://boxd.it/24gA,unique_title_year,movie,4481,
72,https://boxd.it/cc96fX,Cleopatra,1963,2025-12-23,2025-12-24,3.5,Yes,https://boxd.it/20xM,unique_title_year,movie,8095,
71,https://boxd.it/cbaAY7,Spaceballs,1987,2025-12-22,2025-12-23,3.5,,https://boxd.it/29cy,unique_title_year,movie,957,
70,https://boxd.it/cbagEL,Jojo Rabbit,2019,2025-12-22,2025-12-23,4.5,,https://boxd.it/iEBG,unique_title_year,movie,515001,
69,https://boxd.it/caSMLD,2010: The Year We Make Contact,1984,2025-12-22,2025-12-23,,,https://boxd.it/24lK,unique_title_year,movie,4437,
68,https://boxd.it/caH0bF,Blue Is the Warmest Color,2013,2025-12-22,2025-12-23,5,Yes,https://boxd.it/4O40,unique_title_year,movie,152584,
67,https://boxd.it/c9ZMhD,Dune,1984,2025-12-21,2025-12-22,3,,https://boxd.it/29tY,unique_title_year,movie,841,
66,https://boxd.it/c9MbKH,Jean de Florette,1986,2025-12-21,2025-12-22,5,,https://boxd.it/24gK,unique_title_year,movie,4480,
65,https://boxd.it/c9C1n9,Cleopatra,1963,2025-12-21,2025-12-22,,,https://boxd.it/20xM,unique_title_year,movie,8095,
64,https://boxd.it/c8Osu7,Black Sheep,2006,2025-12-20,2025-12-21,4,,https://boxd.it/257k,unique_title_year,movie,3603,
63,https://boxd.it/c8GH0l,Cold War,2018,2025-12-20,2025-12-21,5,,https://boxd.it/fEoc,unique_title_year,movie,440298,
62,https://boxd.it/c8wSk7,Class of 1999,1990,2025-12-20,2025-12-21,3,,https://boxd.it/1z5w,unique_title_year,movie,23535,
61,https://boxd.it/c7LGxf,Face/Off,1997,2025-12-19,2025-12-20,3,,https://boxd.it/29I0,unique_title_year,movie,754,
60,https://boxd.it/c7CiC3,Split Second,1992,2025-12-19,2025-12-20,3.5,,https://boxd.it/1R2q,unique_title_year,movie,13006,
59,https://boxd.it/c6N2lD,Flash Gordon,1980,2025-12-18,2025-12-19,4,,https://boxd.it/257a,unique_title_year,movie,3604,
58,https://boxd.it/c6I4Xf,Hollow Man,2000,2025-12-18,2025-12-19,3.5,,https://boxd.it/1YP0,unique_title_year,movie,9383,
57,https://boxd.it/c5S5it,Foxy Brown,1974,2025-12-17,2025-12-18,3.5,,https://boxd.it/1B8i,unique_title_year,movie,22048,
56,https://boxd.it/c5MjCP,Beyond the Valley of the Dolls,1970,2025-12-17,2025-12-18,3,,https://boxd.it/22GQ,unique_title_year,movie,5722,
55,https://boxd.it/c53Rsp,Le Trou,1960,2025-12-16,2025-12-17,5,,https://boxd.it/1nSw,unique_title_year,movie,29259,
54,https://boxd.it/c4UxSJ,Pride and Prejudice and Zombies,2016,2025-12-16,2025-12-17,4,,https://boxd.it/kp0,unique_title_year,movie,58431,
53,https://boxd.it/c49ii3,Rear Window,1954,2025-12-15,2025-12-16,4,,https://boxd.it/2a6Q,unique_title_year,movie,567,
52,https://boxd.it/c42cCH,Tremors,1990,2025-12-15,2025-12-16,3.5,,https://boxd.it/1YSe,unique_title_year,movie,9362,
51,https://boxd.it/c3hInl,Brief Encounter,1945,2025-12-14,2025-12-15,4.5,,https://boxd.it/29sm,unique_title_year,movie,851,
50,https://boxd.it/c39HKn,A French Mistress,1960,2025-12-14,2025-12-15,3,,https://boxd.it/4mmq,unique_title_year,movie,135065,
49,https://boxd.it/c2jhQF,Psycho II,1983,2025-12-13,2025-12-14,,,https://boxd.it/1VUQ,unique_title_year,movie,10576,
48,https://boxd.it/c2dhmt,The Sorrow and the Pity,1969,2025-12-13,2025-12-14,5,,https://boxd.it/NFgQ,unique_title_year,tv,128062,
47,https://boxd.it/c1zxNv,Blazing Saddles,1974,2025-12-12,2025-12-13,3.5,,https://boxd.it/1UHQ,unique_title_year,movie,11072,
46,https://boxd.it/c1zuP9,Hell Ride,2008,2025-12-12,2025-12-13,2.5,,https://boxd.it/1QsC,unique_title_year,movie,13300,
45,https://boxd.it/c0Vg3v,That Obscure Object of Desire,1977,2025-12-11,2025-12-12,4,,https://boxd.it/22zg,unique_title_year,movie,5781,
44,https://boxd.it/c0V8Hn,Coffy,1973,2025-12-11,2025-12-12,4,,https://boxd.it/1Bao,unique_title_year,movie,22021,
43,https://boxd.it/c0JKJH,High and Low,1963,2025-12-11,2025-12-12,4,,https://boxd.it/1RSc,unique_title_year,movie,12493,
42,https://boxd.it/c0cFuh,Under Siege,1992,2025-12-10,2025-12-11,4,,https://boxd.it/1ZLy,unique_title_year,movie,8845,
41,https://boxd.it/bYYEf9,Starship Troopers,1997,2025-12-08,2025-12-09,4,,https://boxd.it/2a7k,unique_title_year,movie,563,
40,https://boxd.it/bYQuux,Frankenstein,1931,2025-12-08,2025-12-09,,,https://boxd.it/25Te,unique_title_year,movie,3035,
39,https://boxd.it/bYcSYh,The Wizard of Oz,1939,2025-12-07,2025-12-08,5,,https://boxd.it/29Xu,unique_title_year,movie,630,
38,https://boxd.it/bXM7mt,Aliens,1986,2025-12-07,2025-12-08,5,,https://boxd.it/29PA,unique_title_year,movie,679,
37,https://boxd.it/bXM26l,Léon: The Professional,1994,2025-12-07,2025-12-08,5,,https://boxd.it/2b8S,unique_title_year,movie,101,
36,https://boxd.it/bXIwwZ,Conan the Barbarian,1982,2025-12-07,2025-12-07,4,,https://boxd.it/1YOm,unique_title_year,movie,9387,
35,https://boxd.it/bXHzMz,The Wrestler,2008,2025-12-06,2025-12-07,4,,https://boxd.it/1So8,unique_title_year,movie,12163,
34,https://boxd.it/bXHjH9,Blood Diamond,2006,2025-12-06,2025-12-07,4,,https://boxd.it/28Tm,unique_title_year,movie,1372,
33,https://boxd.it/bXHaQh,RoboCop,2014,2025-12-06,2025-12-07,3,,https://boxd.it/3m4k,unique_title_year,movie,97020,
32,https://boxd.it/bXHXk5,Crooks in Clover,1963,2025-12-05,2025-12-07,5,,https://boxd.it/1w7E,unique_title_year,movie,25253,
31,https://boxd.it/c0EmHd,The Case of the Bloody Iris,1972,2025-12-02,2025-12-12,2.5,,https://boxd.it/1o3E,unique_title_year,movie,29167,
30,https://boxd.it/c0Eeed,Duel,1971,2025-12-01,2025-12-12,5,,https://boxd.it/29ui,unique_title_year,movie,839,
29,https://boxd.it/bXIceL,Exorcist II: The Heretic,1977,2025-12-01,2025-12-07,3,,https://boxd.it/1Tuw,unique_title_year,movie,11586,
28,https://boxd.it/c19K47,Mr. Klein,1976,2025-11-30,2025-12-12,5,,https://boxd.it/jgw,unique_title_year,movie,58925,
27,https://boxd.it/c7cS45,Army of Darkness,1992,2025-11-29,2025-12-19,4,,https://boxd.it/29G4,unique_title_year,movie,766,
26,https://boxd.it/bXIrPH,Mad Max: Fury Road,2015,2025-11-29,2025-12-07,3,,https://boxd.it/2DjO,unique_title_year,movie,76341,
25,https://boxd.it/c7cRqf,Evil Dead II,1987,2025-11-27,2025-12-19,4,,https://boxd.it/29Ge,unique_title_year,movie,765,
24,https://boxd.it/c7cPAR,The Evil Dead,1981,2025-11-26,2025-12-19,3,,https://boxd.it/29Go,unique_title_year,movie,764,
23,https://boxd.it/eq4NcT,A Cop,1972,2025-11-14,2026-05-19,4,Yes,https://boxd.it/W8G,unique_title_year,movie,42741,
22,https://boxd.it/djmY47,Prey,2022,2025-08-01,2026-02-27,,,https://boxd.it/sNBU,unique_title_year,movie,766507,
21,https://boxd.it/eq4vP9,It All Starts Today,1999,2025-07-21,2026-05-19,3.5,,https://boxd.it/1hnM,unique_title_year,movie,32273,
20,https://boxd.it/eq4fmb,L.627,1992,2025-07-20,2026-05-19,,,https://boxd.it/12Nq,unique_title_year,movie,39967,
19,https://boxd.it/eq4c23,Let Joy Reign Supreme,1975,2025-07-19,2026-05-19,,,https://boxd.it/2DGI,unique_title_year,movie,76482,
18,https://boxd.it/eq48Mr,Safe Conduct,2002,2025-07-17,2026-05-19,,,https://boxd.it/2tvK,unique_title_year,movie,70443,
17,https://boxd.it/eq4SZB,Le Samouraï,1967,2025-07-16,2026-05-19,5,,https://boxd.it/22ZI,unique_title_year,movie,5511,
16,https://boxd.it/eq413f,Coup de Torchon,1981,2025-07-16,2026-05-19,,,https://boxd.it/1bUA,unique_title_year,movie,35797,
15,https://boxd.it/dKq1XX,The Milky Way,1969,2025-07-01,2026-03-30,,,https://boxd.it/1cVk,unique_title_year,movie,35031,
14,https://boxd.it/eq5057,La Haine,1995,2025-06-20,2026-05-19,5,,https://boxd.it/2as8,unique_title_year,movie,406,
13,https://boxd.it/ggLTur,The Passion of Joan of Arc,1928,2025-06-13,2026-09-11,5,,https://boxd.it/29DO,unique_title_year,movie,780,
12,https://boxd.it/eq4Mbv,A Cop,1972,2025-06-11,2026-05-19,,,https://boxd.it/W8G,unique_title_year,movie,42741,
11,https://boxd.it/eq4JXV,Le Cercle Rouge,1970,2025-06-10,2026-05-19,,,https://boxd.it/1Tjy,unique_title_year,movie,11657,
10,https://boxd.it/eq4HiV,Army of Shadows,1969,2025-06-09,2026-05-19,5,,https://boxd.it/1Mli,unique_title_year,movie,15383,
9,https://boxd.it/eq4EOJ,Le Doulos,1962,2025-06-08,2026-05-19,,,https://boxd.it/1CVg,unique_title_year,movie,20778,
8,https://boxd.it/eq4CiV,"Léon Morin, Priest",1961,2025-06-07,2026-05-19,,,https://boxd.it/5O0,unique_title_year,movie,63892,
7,https://boxd.it/eq4zdD,Bob le Flambeur,1956,2025-06-06,2026-05-19,,,https://boxd.it/1uC6,unique_title_year,movie,26030,
6,https://boxd.it/evJgBD,Casablanca,1942,2025-05-25,2026-05-26,5,,https://boxd.it/2aG0,unique_title_year,movie,289,
5,https://boxd.it/cr9JI5,From Beyond,1986,2025-04-01,2026-01-04,,,https://boxd.it/1NXi,unique_title_year,movie,14510,
4,https://boxd.it/dJDrE5,Prometheus,2012,2025-01-01,2026-03-30,2,,https://boxd.it/2s9e,unique_title_year,movie,70981,
3,https://boxd.it/esY9Q5,Akira,1988,2024-08-15,2026-05-23,5,Yes,https://boxd.it/2b1i,unique_title_year,movie,149,
2,https://boxd.it/esYdqZ,Akira,1988,1993-05-01,2026-05-23,5,Yes,https://boxd.it/2b1i,unique_title_year,movie,149,
