source_csv_row,review_uri,title,year,watched_date,export_date,film_letterboxd_uri,film_join,tmdb_type,tmdb_id,needs_subject_review
2,https://boxd.it/bXHaQh,RoboCop,2014,2025-12-06,2025-12-07,https://boxd.it/3m4k,unique_title_year,movie,97020,
3,https://boxd.it/bXHjH9,Blood Diamond,2006,2025-12-06,2025-12-07,https://boxd.it/28Tm,unique_title_year,movie,1372,
4,https://boxd.it/bXHzMz,The Wrestler,2008,2025-12-06,2025-12-07,https://boxd.it/1So8,unique_title_year,movie,12163,
5,https://boxd.it/bXHXk5,Crooks in Clover,1963,2025-12-05,2025-12-07,https://boxd.it/1w7E,unique_title_year,movie,25253,
6,https://boxd.it/bXIceL,Exorcist II: The Heretic,1977,2025-12-01,2025-12-07,https://boxd.it/1Tuw,unique_title_year,movie,11586,
7,https://boxd.it/bXIrPH,Mad Max: Fury Road,2015,2025-11-29,2025-12-07,https://boxd.it/2DjO,unique_title_year,movie,76341,
8,https://boxd.it/bXIwwZ,Conan the Barbarian,1982,2025-12-07,2025-12-07,https://boxd.it/1YOm,unique_title_year,movie,9387,
9,https://boxd.it/bXM26l,Léon: The Professional,1994,2025-12-07,2025-12-08,https://boxd.it/2b8S,unique_title_year,movie,101,
10,https://boxd.it/bXM7mt,Aliens,1986,2025-12-07,2025-12-08,https://boxd.it/29PA,unique_title_year,movie,679,
11,https://boxd.it/bYcSYh,The Wizard of Oz,1939,2025-12-07,2025-12-08,https://boxd.it/29Xu,unique_title_year,movie,630,
12,https://boxd.it/bYQuux,Frankenstein,1931,2025-12-08,2025-12-09,https://boxd.it/25Te,unique_title_year,movie,3035,
13,https://boxd.it/bYYEf9,Starship Troopers,1997,2025-12-08,2025-12-09,https://boxd.it/2a7k,unique_title_year,movie,563,
14,https://boxd.it/c0cFuh,Under Siege,1992,2025-12-10,2025-12-11,https://boxd.it/1ZLy,unique_title_year,movie,8845,
15,https://boxd.it/c0zE4t,The Witch,2015,,2025-12-11,https://boxd.it/9X0m,unique_title_year,movie,526667,
16,https://boxd.it/c0zFRr,Hacksaw Ridge,2016,,2025-12-11,https://boxd.it/azew,unique_title_year,movie,324786,
17,https://boxd.it/c0zLdH,Sicario,2015,,2025-12-11,https://boxd.it/8i7u,unique_title_year,movie,273481,
18,https://boxd.it/c0zNSx,Alien: Romulus,2024,,2025-12-11,https://boxd.it/zGqO,unique_title_year,movie,945961,
19,https://boxd.it/c0zRtV,Indiana Jones and the Temple of Doom,1984,,2025-12-11,https://boxd.it/2bb8,unique_title_year,movie,87,
20,https://boxd.it/c0E3az,Blue Is the Warmest Color,2013,,2025-12-12,https://boxd.it/4O40,unique_title_year,movie,152584,
21,https://boxd.it/c0E5xv,Subway,1985,,2025-12-12,https://boxd.it/1VIg,unique_title_year,movie,10656,
22,https://boxd.it/c0E8Wt,Nikita,1990,,2025-12-12,https://boxd.it/1YYm,unique_title_year,movie,9322,
23,https://boxd.it/c0EanZ,Point Break,1991,,2025-12-12,https://boxd.it/2958,unique_title_year,movie,1089,
24,https://boxd.it/c0Eeed,Duel,1971,2025-12-01,2025-12-12,https://boxd.it/29ui,unique_title_year,movie,839,
25,https://boxd.it/c0EmHd,The Case of the Bloody Iris,1972,2025-12-02,2025-12-12,https://boxd.it/1o3E,unique_title_year,movie,29167,
26,https://boxd.it/c0Ep99,Fascination,1979,,2025-12-12,https://boxd.it/1ncU,unique_title_year,movie,29562,
27,https://boxd.it/c0EpBd,Requiem for a Vampire,1972,,2025-12-12,https://boxd.it/1obo,unique_title_year,movie,29111,
28,https://boxd.it/c0EsxN,Age of Consent,1969,,2025-12-12,https://boxd.it/Gzm,unique_title_year,movie,49225,
29,https://boxd.it/c0EtbN,Naked Sex,1973,,2025-12-12,https://boxd.it/lfGi,unique_title_year,movie,578405,
30,https://boxd.it/c0EGa9,Carry On Cowboy,1965,,2025-12-12,https://boxd.it/23oy,unique_title_year,movie,5065,
31,https://boxd.it/c0EI6t,A Shot in the Dark,1964,,2025-12-12,https://boxd.it/28w8,unique_title_year,movie,1594,
32,https://boxd.it/c0JKJH,High and Low,1963,2025-12-11,2025-12-12,https://boxd.it/1RSc,unique_title_year,movie,12493,
33,https://boxd.it/c0V8Hn,Coffy,1973,2025-12-11,2025-12-12,https://boxd.it/1Bao,unique_title_year,movie,22021,
34,https://boxd.it/c0Vg3v,That Obscure Object of Desire,1977,2025-12-11,2025-12-12,https://boxd.it/22zg,unique_title_year,movie,5781,
35,https://boxd.it/c19K47,Mr. Klein,1976,2025-11-30,2025-12-12,https://boxd.it/jgw,unique_title_year,movie,58925,
36,https://boxd.it/c1zuP9,Hell Ride,2008,2025-12-12,2025-12-13,https://boxd.it/1QsC,unique_title_year,movie,13300,
37,https://boxd.it/c2jhQF,Psycho II,1983,2025-12-13,2025-12-14,https://boxd.it/1VUQ,unique_title_year,movie,10576,
38,https://boxd.it/c39HKn,A French Mistress,1960,2025-12-14,2025-12-15,https://boxd.it/4mmq,unique_title_year,movie,135065,
39,https://boxd.it/c3hInl,Brief Encounter,1945,2025-12-14,2025-12-15,https://boxd.it/29sm,unique_title_year,movie,851,
40,https://boxd.it/c42cCH,Tremors,1990,2025-12-15,2025-12-16,https://boxd.it/1YSe,unique_title_year,movie,9362,
41,https://boxd.it/c4UxSJ,Pride and Prejudice and Zombies,2016,2025-12-16,2025-12-17,https://boxd.it/kp0,unique_title_year,movie,58431,
42,https://boxd.it/c53Rsp,Le Trou,1960,2025-12-16,2025-12-17,https://boxd.it/1nSw,unique_title_year,movie,29259,
43,https://boxd.it/c5MjCP,Beyond the Valley of the Dolls,1970,2025-12-17,2025-12-18,https://boxd.it/22GQ,unique_title_year,movie,5722,
44,https://boxd.it/c5S5it,Foxy Brown,1974,2025-12-17,2025-12-18,https://boxd.it/1B8i,unique_title_year,movie,22048,
45,https://boxd.it/c6I4Xf,Hollow Man,2000,2025-12-18,2025-12-19,https://boxd.it/1YP0,unique_title_year,movie,9383,
46,https://boxd.it/c6N2lD,Flash Gordon,1980,2025-12-18,2025-12-19,https://boxd.it/257a,unique_title_year,movie,3604,
47,https://boxd.it/c7cPAR,The Evil Dead,1981,2025-11-26,2025-12-19,https://boxd.it/29Go,unique_title_year,movie,764,
48,https://boxd.it/c7cRqf,Evil Dead II,1987,2025-11-27,2025-12-19,https://boxd.it/29Ge,unique_title_year,movie,765,
49,https://boxd.it/c7CiC3,Split Second,1992,2025-12-19,2025-12-20,https://boxd.it/1R2q,unique_title_year,movie,13006,
50,https://boxd.it/c7LGxf,Face/Off,1997,2025-12-19,2025-12-20,https://boxd.it/29I0,unique_title_year,movie,754,
51,https://boxd.it/c8wSk7,Class of 1999,1990,2025-12-20,2025-12-21,https://boxd.it/1z5w,unique_title_year,movie,23535,
52,https://boxd.it/c8GH0l,Cold War,2018,2025-12-20,2025-12-21,https://boxd.it/fEoc,unique_title_year,movie,440298,
53,https://boxd.it/c8Osu7,Black Sheep,2006,2025-12-20,2025-12-21,https://boxd.it/257k,unique_title_year,movie,3603,
54,https://boxd.it/c9C1n9,Cleopatra,1963,2025-12-21,2025-12-22,https://boxd.it/20xM,unique_title_year,movie,8095,
55,https://boxd.it/c9MbKH,Jean de Florette,1986,2025-12-21,2025-12-22,https://boxd.it/24gK,unique_title_year,movie,4480,
56,https://boxd.it/c9ZMhD,Dune,1984,2025-12-21,2025-12-22,https://boxd.it/29tY,unique_title_year,movie,841,
57,https://boxd.it/caH0bF,Blue Is the Warmest Color,2013,2025-12-22,2025-12-23,https://boxd.it/4O40,unique_title_year,movie,152584,
58,https://boxd.it/caSMLD,2010: The Year We Make Contact,1984,2025-12-22,2025-12-23,https://boxd.it/24lK,unique_title_year,movie,4437,
59,https://boxd.it/cbagEL,Jojo Rabbit,2019,2025-12-22,2025-12-23,https://boxd.it/iEBG,unique_title_year,movie,515001,
60,https://boxd.it/cbaAY7,Spaceballs,1987,2025-12-22,2025-12-23,https://boxd.it/29cy,unique_title_year,movie,957,
61,https://boxd.it/cc96fX,Cleopatra,1963,2025-12-23,2025-12-24,https://boxd.it/20xM,unique_title_year,movie,8095,
62,https://boxd.it/ccidqL,Manon of the Spring,1986,2025-12-23,2025-12-24,https://boxd.it/24gA,unique_title_year,movie,4481,
63,https://boxd.it/cejZHF,Evil Dead,2013,2025-12-25,2025-12-26,https://boxd.it/3GPq,unique_title_year,movie,109428,
64,https://boxd.it/ceZDsH,Miami Vice,2006,2025-12-26,2025-12-26,https://boxd.it/2bbW,unique_title_year,movie,82,
65,https://boxd.it/cicNOV,Embrace of the Serpent,2015,2025-12-28,2025-12-29,https://boxd.it/baba,unique_title_year,movie,336808,
66,https://boxd.it/cjcKrj,Carry On Abroad,1972,2025-12-29,2025-12-30,https://boxd.it/1Fqg,unique_title_year,movie,19252,
67,https://boxd.it/ckDBkB,J'Accuse,1919,2025-12-30,2025-12-31,https://boxd.it/2sBC,unique_title_year,movie,70804,
68,https://boxd.it/clG491,The Grand Budapest Hotel,2014,2025-12-31,2026-01-01,https://boxd.it/3ZqO,unique_title_year,movie,120467,
69,https://boxd.it/clMTMP,PlayTime,1967,2025-12-31,2026-01-01,https://boxd.it/1WLK,unique_title_year,movie,10227,
70,https://boxd.it/cmqajD,Natural Born Killers,1994,2026-01-01,2026-01-02,https://boxd.it/2aNg,unique_title_year,movie,241,
71,https://boxd.it/cr9JI5,From Beyond,1986,2025-04-01,2026-01-04,https://boxd.it/1NXi,unique_title_year,movie,14510,
72,https://boxd.it/ctn7Qh,Under Siege 2: Dark Territory,1995,2026-01-05,2026-01-06,https://boxd.it/25jg,unique_title_year,movie,3512,
73,https://boxd.it/cuoHyp,Brain Dead,1990,2026-01-06,2026-01-07,https://boxd.it/22os,unique_title_year,movie,5898,
74,https://boxd.it/cuBhxr,Twelve Monkeys,1995,2026-01-06,2026-01-07,https://boxd.it/2beQ,unique_title_year,movie,63,
75,https://boxd.it/cvyMd1,The Guard,2011,2026-01-07,2026-01-08,https://boxd.it/2eBS,unique_title_year,movie,67913,
76,https://boxd.it/cvMSA9,Eraserhead,1977,2026-01-07,2026-01-08,https://boxd.it/299u,unique_title_year,movie,985,
77,https://boxd.it/cwFwcf,Student Bodies,1981,2026-01-08,2026-01-09,https://boxd.it/1BMi,unique_title_year,movie,21515,
78,https://boxd.it/cxg4uJ,48 Hrs.,1982,2026-01-09,2026-01-09,https://boxd.it/2b18,unique_title_year,movie,150,
79,https://boxd.it/cAAZel,The Last Metro,1980,2026-01-11,2026-01-12,https://boxd.it/28fc,unique_title_year,movie,1716,
80,https://boxd.it/cDH0wJ,Boogie Nights,1997,2026-01-14,2026-01-15,https://boxd.it/23um,unique_title_year,movie,4995,
81,https://boxd.it/cENDSZ,Dial M for Murder,1954,2026-01-16,2026-01-16,https://boxd.it/2adW,unique_title_year,movie,521,
82,https://boxd.it/cFCN1j,Sorcerer,1977,2026-01-16,2026-01-17,https://boxd.it/14J6,unique_title_year,movie,38985,
83,https://boxd.it/cGV7xf,Metropolis,1927,2026-01-17,2026-01-18,https://boxd.it/71a,unique_title_year,movie,19,
84,https://boxd.it/cHm0aH,Torso,1973,2026-01-16,2026-01-18,https://boxd.it/1iGg,unique_title_year,movie,31624,
85,https://boxd.it/cHVV1H,Cheeky,2000,2026-01-18,2026-01-19,https://boxd.it/1Ab6,unique_title_year,movie,22705,
86,https://boxd.it/cJhsGp,Lost Highway,1997,2026-01-19,2026-01-20,https://boxd.it/29Wc,unique_title_year,movie,638,
87,https://boxd.it/cK9Sxh,Some Like It Hot,1959,2026-01-20,2026-01-21,https://boxd.it/2aNA,unique_title_year,movie,239,
88,https://boxd.it/cL5Pv9,"I, the Executioner",1968,2026-01-21,2026-01-22,https://boxd.it/47rA,unique_title_year,movie,125270,
89,https://boxd.it/cLWhKP,The 8 Diagram Pole Fighter,1984,2026-01-22,2026-01-23,https://boxd.it/1h2a,unique_title_year,movie,32520,
90,https://boxd.it/cNIaCJ,Hamnet,2025,2026-01-24,2026-01-25,https://boxd.it/woVy,unique_title_year,movie,858024,
91,https://boxd.it/cPy35h,The Church,1989,2026-01-25,2026-01-26,https://boxd.it/11Zg,unique_title_year,movie,40364,
92,https://boxd.it/cQ6Yjt,A.I. Artificial Intelligence,2001,2026-01-03,2026-01-27,https://boxd.it/29Ve,unique_title_year,movie,644,
93,https://boxd.it/cQIi2L,Schindler's List,1993,2026-01-26,2026-01-27,https://boxd.it/2aq2,unique_title_year,movie,424,
94,https://boxd.it/cRAKnZ,Gainsbourg: A Heroic Life,2010,2026-01-27,2026-01-28,https://boxd.it/1iaa,unique_title_year,movie,31900,
95,https://boxd.it/cRHyOX,Blind Beast,1969,2026-01-27,2026-01-28,https://boxd.it/1rQ0,unique_title_year,movie,27425,
96,https://boxd.it/cSys2J,Hiroshima,1953,2026-01-28,2026-01-29,https://boxd.it/8i0I,unique_title_year,movie,273433,
97,https://boxd.it/cSGDgj,Mars Express,2023,2026-01-28,2026-01-29,https://boxd.it/lATC,unique_title_year,movie,586810,
98,https://boxd.it/cTyH03,La Cérémonie,1995,2026-01-29,2026-01-30,https://boxd.it/287C,unique_title_year,movie,1802,
100,https://boxd.it/cVcWtj,Truck Turner,1974,2026-01-31,2026-02-01,https://boxd.it/1B1c,unique_title_year,movie,22121,
101,https://boxd.it/cVne9L,The Visitors,1993,2026-01-31,2026-02-01,https://boxd.it/1TeI,unique_title_year,movie,11687,
102,https://boxd.it/cWhAat,Bad Lieutenant: Port of Call – New Orleans,2009,2026-02-01,2026-02-02,https://boxd.it/1TcW,unique_title_year,movie,11699,
103,https://boxd.it/cWBDwn,To Kill a Mockingbird,1962,2026-02-01,2026-02-02,https://boxd.it/2a2E,unique_title_year,movie,595,
104,https://boxd.it/cWKaFt,The Living Dead Girl,1982,2026-02-01,2026-02-02,https://boxd.it/2F6M,unique_title_year,movie,77010,
105,https://boxd.it/cXf8AD,Dune,1984,2026-02-02,2026-02-02,https://boxd.it/29tY,unique_title_year,movie,841,
106,https://boxd.it/cXIGnr,Threads,1984,2026-02-02,2026-02-03,https://boxd.it/1I0g,unique_title_year,movie,17835,
107,https://boxd.it/cZ0Svx,Lawrence of Arabia,1962,2026-02-03,2026-02-04,https://boxd.it/2wRE,unique_title_year,movie,947,
108,https://boxd.it/cZ13QV,Blade Runner 2049,2017,2026-02-04,2026-02-04,https://boxd.it/b8wK,unique_title_year,movie,335984,
109,https://boxd.it/d0IogT,Aliens,1986,2026-02-06,2026-02-06,https://boxd.it/29PA,unique_title_year,movie,679,
110,https://boxd.it/d1URuX,The Double Life of Véronique,1991,2026-02-07,2026-02-08,https://boxd.it/28va,unique_title_year,movie,1600,
111,https://boxd.it/d272dd,Dragon Inn,1967,2026-02-07,2026-02-08,https://boxd.it/3xGa,unique_title_year,movie,104237,
112,https://boxd.it/d5ERwX,Jaws,1975,2026-02-11,2026-02-12,https://boxd.it/2a5e,unique_title_year,movie,578,
113,https://boxd.it/d6rw2b,The Abyss,1989,2026-02-12,2026-02-13,https://boxd.it/26mK,unique_title_year,movie,2756,
114,https://boxd.it/d6K6Zf,The Abyss,1989,,2026-02-13,https://boxd.it/26mK,unique_title_year,movie,2756,
115,https://boxd.it/d75IBx,The Martian,2015,2026-02-13,2026-02-14,https://boxd.it/8SeG,unique_title_year,movie,286217,
116,https://boxd.it/d92nTd,Le Samouraï,1967,2026-02-15,2026-02-16,https://boxd.it/22ZI,unique_title_year,movie,5511,
117,https://boxd.it/dalkCF,The Third Man,1949,2026-02-16,2026-02-17,https://boxd.it/294E,unique_title_year,movie,1092,
118,https://boxd.it/daWix3,The Substance,2024,2026-02-16,2026-02-17,https://boxd.it/zanS,unique_title_year,movie,933260,
119,https://boxd.it/dd8xPj,1917,2019,2026-02-19,2026-02-20,https://boxd.it/jj4y,unique_title_year,movie,530915,
120,https://boxd.it/ddiqw5,Black Hawk Down,2001,2026-02-19,2026-02-20,https://boxd.it/29rI,unique_title_year,movie,855,
121,https://boxd.it/dfbAcN,The Lighthouse,2019,2026-02-21,2026-02-22,https://boxd.it/icFU,unique_title_year,movie,503919,
122,https://boxd.it/dfeXAp,The Revenant,2015,2026-02-22,2026-02-22,https://boxd.it/8H5e,unique_title_year,movie,281957,
123,https://boxd.it/dfX1jP,The Three Musketeers: D'Artagnan,2023,2026-02-22,2026-02-23,https://boxd.it/tXF0,unique_title_year,movie,796185,
124,https://boxd.it/dfZrAL,True Lies,1994,2026-02-22,2026-02-23,https://boxd.it/19pq,unique_title_year,movie,36955,
125,https://boxd.it/dgobqZ,Mulholland Drive,2001,2026-02-22,2026-02-23,https://boxd.it/297o,unique_title_year,movie,1018,
126,https://boxd.it/dhc1On,Gwendoline,1984,2026-02-23,2026-02-24,https://boxd.it/1F9Y,unique_title_year,movie,19400,
127,https://boxd.it/dhhmBz,The Pianist,2002,2026-02-23,2026-02-24,https://boxd.it/2aqc,unique_title_year,movie,423,
128,https://boxd.it/dhlX1V,Modern Times,1936,2026-02-23,2026-02-24,https://boxd.it/25MC,unique_title_year,movie,3082,
130,https://boxd.it/dibiNt,Ronin,1998,2026-02-24,2026-02-25,https://boxd.it/20wa,unique_title_year,movie,8195,
131,https://boxd.it/diVVxr,Total Recall,1990,2026-02-25,2026-02-26,https://boxd.it/29qK,unique_title_year,movie,861,
132,https://boxd.it/dj0J01,Ghost in the Shell 2.0,2008,2026-02-26,2026-02-26,https://boxd.it/1OLW,unique_title_year,movie,14092,
133,https://boxd.it/djmY47,Prey,2022,2025-08-01,2026-02-27,https://boxd.it/sNBU,unique_title_year,movie,766507,
134,https://boxd.it/dl2kWB,Prey,2022,2026-02-28,2026-03-01,https://boxd.it/sNBU,unique_title_year,movie,766507,
135,https://boxd.it/dljzyD,Ghost in the Shell,1995,2026-02-28,2026-03-01,https://boxd.it/1YYc,unique_title_year,movie,9323,
136,https://boxd.it/dnLkyR,Mad Max 2,1981,2026-03-03,2026-03-04,https://boxd.it/1ZPg,unique_title_year,movie,8810,
137,https://boxd.it/dsHZGf,The Northman,2022,2026-03-09,2026-03-10,https://boxd.it/nK2s,unique_title_year,movie,639933,
138,https://boxd.it/du6FM7,Aliens,1986,2026-03-11,2026-03-12,https://boxd.it/29PA,unique_title_year,movie,679,
139,https://boxd.it/du6WxN,Psycho,1960,2026-03-11,2026-03-12,https://boxd.it/2ab2,unique_title_year,movie,539,
140,https://boxd.it/dvdwgf,Alien: Romulus,2024,2026-03-12,2026-03-14,https://boxd.it/zGqO,unique_title_year,movie,945961,
141,https://boxd.it/dvxowp,John Wick,2014,2026-03-13,2026-03-14,https://boxd.it/7dEc,unique_title_year,movie,245891,
142,https://boxd.it/dxzfeD,First Man,2018,2026-03-15,2026-03-16,https://boxd.it/cPym,unique_title_year,movie,369972,
143,https://boxd.it/dyknoF,Immoral Tales,1973,2026-03-16,2026-03-17,https://boxd.it/MQS,unique_title_year,movie,46581,
144,https://boxd.it/dymUHT,The Lord of the Rings: The Fellowship of the Ring,2001,2026-03-16,2026-03-17,https://boxd.it/2b5O,unique_title_year,movie,120,
145,https://boxd.it/dzalKt,The Lord of the Rings: The Fellowship of the Ring,2001,2026-03-17,2026-03-18,https://boxd.it/2b5O,unique_title_year,movie,120,
146,https://boxd.it/dABwmZ,La La Land,2016,2026-03-19,2026-03-20,https://boxd.it/a5fa,unique_title_year,movie,313369,
147,https://boxd.it/dAI01z,Twister,1996,2026-03-19,2026-03-20,https://boxd.it/29S0,unique_title_year,movie,664,
148,https://boxd.it/dBv8kn,The Girl Next Door,2004,2026-03-20,2026-03-21,https://boxd.it/1VSq,unique_title_year,movie,10591,
149,https://boxd.it/dCuYdv,Ben-Hur,1959,2026-03-21,2026-03-22,https://boxd.it/29RQ,unique_title_year,movie,665,
150,https://boxd.it/dCvq4V,John Wick,2014,2026-03-21,2026-03-22,https://boxd.it/7dEc,unique_title_year,movie,245891,
151,https://boxd.it/dGeH8R,John Wick: Chapter 4,2023,2026-03-25,2026-03-26,https://boxd.it/mh48,unique_title_year,movie,603692,
152,https://boxd.it/dICrf9,Adoration,2013,2026-03-28,2026-03-29,https://boxd.it/3JEU,unique_title_year,movie,111190,
153,https://boxd.it/dIRStH,The Red Shoes,1948,2026-03-28,2026-03-29,https://boxd.it/1EXI,unique_title_year,movie,19542,
154,https://boxd.it/dJDrE5,Prometheus,2012,2025-01-01,2026-03-30,https://boxd.it/2s9e,unique_title_year,movie,70981,
155,https://boxd.it/dKQGuf,Hobo with a Shotgun,2007,2026-03-30,2026-03-31,https://boxd.it/6pZO,unique_title_year,,,
156,https://boxd.it/dMqBJZ,Death Race 2000,1975,2026-04-01,2026-04-02,https://boxd.it/1QuI,unique_title_year,movie,13282,
157,https://boxd.it/dN3m9P,Hobo with a Shotgun,2011,2026-03-30,2026-04-02,https://boxd.it/H5s,unique_title_year,movie,49010,
158,https://boxd.it/dNszKz,Stalker,1979,2026-04-02,2026-04-03,https://boxd.it/28PO,unique_title_year,movie,1398,
159,https://boxd.it/dOiG2D,Frankenstein,1931,2026-04-03,2026-04-04,https://boxd.it/25Te,unique_title_year,movie,3035,
160,https://boxd.it/dTCU23,The Reader,2008,2026-04-08,2026-04-09,https://boxd.it/20Dq,unique_title_year,movie,8055,
161,https://boxd.it/dYHw2X,Turbo Kid,2015,2026-04-14,2026-04-15,https://boxd.it/9X0c,unique_title_year,movie,310135,
163,https://boxd.it/e06mTV,RoboCop 2,1990,2026-04-16,2026-04-17,https://boxd.it/22Wk,unique_title_year,movie,5549,
164,https://boxd.it/e0e7xB,Sinners,2025,2026-04-16,2026-04-17,https://boxd.it/KQMM,unique_title_year,movie,1233413,
165,https://boxd.it/e0LseL,Top Gun: Maverick,2022,2026-04-17,2026-04-18,https://boxd.it/cjr4,unique_title_year,movie,361743,
166,https://boxd.it/e0UaoB,Near Dark,1987,2026-04-17,2026-04-18,https://boxd.it/1SRO,unique_title_year,movie,11879,
167,https://boxd.it/e1GOS3,Righting Wrongs,1986,2026-04-18,2026-04-19,https://boxd.it/8NY,unique_title_year,movie,66212,
168,https://boxd.it/e2utoh,North by Northwest,1959,2026-04-19,2026-04-20,https://boxd.it/2aRM,unique_title_year,movie,213,
169,https://boxd.it/e6HjDX,Maîtresse,1976,2026-04-24,2026-04-25,https://boxd.it/LQi,unique_title_year,movie,46978,
170,https://boxd.it/e75359,"Yes, Madam!",1985,2026-04-25,2026-04-26,https://boxd.it/13EE,unique_title_year,movie,39448,
171,https://boxd.it/e9IIt3,Possession,1981,2026-04-28,2026-04-29,https://boxd.it/1BPm,unique_title_year,movie,21484,
172,https://boxd.it/eam0tN,China O'Brien,1990,2026-04-29,2026-04-30,https://boxd.it/1QtK,unique_title_year,movie,13293,
173,https://boxd.it/eb3plF,Magic Crystal,1986,2026-04-30,2026-05-01,https://boxd.it/4xWO,unique_title_year,movie,142300,
174,https://boxd.it/eb9hPT,Lone Wolf and Cub: Sword of Vengeance,1972,2026-04-30,2026-05-01,https://boxd.it/Zia,unique_title_year,movie,41471,
175,https://boxd.it/ebPhYv,Lone Wolf and Cub: Baby Cart at the River Styx,1972,2026-05-01,2026-05-02,https://boxd.it/1I2Q,unique_title_year,movie,17810,
176,https://boxd.it/ebWQQF,Children of Men,2006,2026-05-01,2026-05-02,https://boxd.it/1Y2i,unique_title_year,movie,9693,
177,https://boxd.it/eeS08Z,Royal Warriors,1986,2026-05-04,2026-05-05,https://boxd.it/Pve,unique_title_year,movie,45450,
178,https://boxd.it/egfD9H,Atomic Blonde,2017,2026-05-06,2026-05-07,https://boxd.it/blDk,unique_title_year,movie,341013,
179,https://boxd.it/egY8U3,La Haine,1995,2026-05-07,2026-05-08,https://boxd.it/2as8,unique_title_year,movie,406,
180,https://boxd.it/ehBSuj,Society,1989,2026-05-08,2026-05-09,https://boxd.it/1ARc,unique_title_year,movie,22244,
181,https://boxd.it/eieQtr,In the Line of Duty 4,1989,2026-05-09,2026-05-10,https://boxd.it/134G,unique_title_year,movie,39854,
183,https://boxd.it/ejn7zV,"Crouching Tiger, Hidden Dragon",2000,2026-05-10,2026-05-11,https://boxd.it/2b1M,unique_title_year,movie,146,
184,https://boxd.it/ek6D9v,Le Cercle Rouge,1970,2026-05-10,2026-05-12,https://boxd.it/1Tjy,unique_title_year,movie,11657,
185,https://boxd.it/ekkV5J,The Seventh Seal,1957,2026-05-11,2026-05-12,https://boxd.it/2ahO,unique_title_year,movie,490,
187,https://boxd.it/el39mx,Shogun Assassin,1980,2026-05-12,2026-05-13,https://boxd.it/1MM4,unique_title_year,movie,15119,
188,https://boxd.it/el9ay7,Turbo Kid,2015,2026-05-13,2026-05-13,https://boxd.it/9X0c,unique_title_year,movie,310135,
189,https://boxd.it/elpBqL,Yojimbo,1961,2026-04-23,2026-05-13,https://boxd.it/1SRY,unique_title_year,movie,11878,
190,https://boxd.it/elLxIl,Harakiri,1962,2026-05-13,2026-05-14,https://boxd.it/1NTU,unique_title_year,movie,14537,
191,https://boxd.it/emASI9,Police Story,1985,2026-05-14,2026-05-15,https://boxd.it/1Zhe,unique_title_year,movie,9056,
192,https://boxd.it/enVIXf,Sanjuro,1962,2026-05-16,2026-05-17,https://boxd.it/1TaQ,unique_title_year,movie,11712,
193,https://boxd.it/eoczRr,The Professional,1981,2026-05-16,2026-05-17,https://boxd.it/28l0,unique_title_year,movie,1672,
194,https://boxd.it/ep2RHN,Jackie Brown,1997,2026-05-17,2026-05-18,https://boxd.it/2aVO,unique_title_year,movie,184,
195,https://boxd.it/eq1O83,The Piano Teacher,2001,2026-05-18,2026-05-19,https://boxd.it/2886,unique_title_year,movie,1791,
196,https://boxd.it/eq2Avf,The Piano Teacher,2001,2026-05-18,2026-05-19,https://boxd.it/2886,unique_title_year,movie,1791,
197,https://boxd.it/eqx1T9,The Piano Teacher,2001,2026-05-18,2026-05-20,https://boxd.it/2886,unique_title_year,movie,1791,
198,https://boxd.it/eqDg0l,Obsession,2025,2026-05-19,2026-05-20,https://boxd.it/PNqo,unique_title_year,movie,1339713,
199,https://boxd.it/eqItTt,Friday Foster,1975,2026-05-19,2026-05-20,https://boxd.it/oQE,unique_title_year,movie,56539,
200,https://boxd.it/eqOBV5,Out for Justice,1991,2026-05-19,2026-05-20,https://boxd.it/1Ofw,unique_title_year,movie,14362,
201,https://boxd.it/esY3R7,Akira,1988,2026-05-22,2026-05-23,https://boxd.it/2b1i,unique_title_year,movie,149,
202,https://boxd.it/etAUW1,City on Fire,1987,2026-05-23,2026-05-24,https://boxd.it/XGY,unique_title_year,movie,42120,
203,https://boxd.it/etHeDF,Mildred Pierce,1945,2026-05-23,2026-05-24,https://boxd.it/25uS,unique_title_year,movie,3309,
204,https://boxd.it/etMhv5,Black Book,2006,2026-05-23,2026-05-24,https://boxd.it/1Zea,unique_title_year,movie,9075,
205,https://boxd.it/evJgW7,Casablanca,1942,2026-05-25,2026-05-26,https://boxd.it/2aG0,unique_title_year,movie,289,
206,https://boxd.it/ew6idf,Taxi Driver,1976,2026-05-25,2026-05-26,https://boxd.it/2b8y,unique_title_year,movie,103,
207,https://boxd.it/ewseKt,Bad Lieutenant,1992,2026-05-26,2026-05-27,https://boxd.it/1Src,unique_title_year,movie,12143,
208,https://boxd.it/exgEtt,Last Night in Soho,2021,2026-05-27,2026-05-28,https://boxd.it/lbJC,unique_title_year,movie,576845,
209,https://boxd.it/eyMLjN,Bride of Frankenstein,1935,2026-05-29,2026-05-30,https://boxd.it/2aPc,unique_title_year,movie,229,
210,https://boxd.it/eyUECJ,Eraserhead,1977,2026-05-29,2026-05-30,https://boxd.it/299u,unique_title_year,movie,985,
211,https://boxd.it/ezO9SX,Real Genius,1985,2026-05-30,2026-05-31,https://boxd.it/1OeI,unique_title_year,movie,14370,
212,https://boxd.it/eAY4i5,Chungking Express,1994,2026-05-31,2026-06-01,https://boxd.it/1UDa,unique_title_year,movie,11104,
213,https://boxd.it/eBQ9bh,Mission: Impossible – Rogue Nation,2015,2026-06-01,2026-06-02,https://boxd.it/5rI4,unique_title_year,movie,177677,
214,https://boxd.it/eDAS39,Body Double,1984,2026-06-03,2026-06-04,https://boxd.it/1TGW,unique_title_year,movie,11507,
215,https://boxd.it/eEhcJ9,Chopping Mall,1986,2026-06-04,2026-06-05,https://boxd.it/1ow2,unique_title_year,movie,28941,
216,https://boxd.it/eG7prF,Batman,1989,2026-06-06,2026-06-07,https://boxd.it/2aIU,unique_title_year,movie,268,
217,https://boxd.it/eJ57jr,Everything Everywhere All at Once,2022,2026-06-09,2026-06-10,https://boxd.it/jUk4,unique_title_year,movie,545611,
218,https://boxd.it/eMlqGX,Shaun of the Dead,2004,2026-06-13,2026-06-14,https://boxd.it/29J8,unique_title_year,movie,747,
219,https://boxd.it/eN7Wr7,Babygirl,2024,2026-06-14,2026-06-15,https://boxd.it/Fvai,unique_title_year,movie,1097549,
220,https://boxd.it/eOVPbl,Raiders of the Lost Ark,1981,2026-06-16,2026-06-17,https://boxd.it/2bbs,unique_title_year,movie,85,
221,https://boxd.it/eQxtTZ,In the Mood for Love,2000,2026-06-18,2026-06-19,https://boxd.it/29tE,unique_title_year,movie,843,
222,https://boxd.it/f3QiTf,First Blood,1982,2026-07-03,2026-07-04,https://boxd.it/28U0,unique_title_year,movie,1368,
223,https://boxd.it/f52dDJ,Independence Day,1996,2026-07-04,2026-07-05,https://boxd.it/2a1w,unique_title_year,movie,602,
224,https://boxd.it/flsbqf,Falling Down,1993,2026-07-20,2026-07-21,https://boxd.it/194M,unique_title_year,movie,37094,
225,https://boxd.it/frJTsd,Escape Plan,2013,2026-07-26,2026-07-26,https://boxd.it/3DX2,unique_title_year,movie,107846,
226,https://boxd.it/frKoeB,Incendies,2010,2026-07-26,2026-07-26,https://boxd.it/Msm,unique_title_year,movie,46738,
227,https://boxd.it/fsgNiH,"Jeanne Dielman, 23, quai du Commerce, 1080 Bruxelles",1975,2026-07-26,2026-07-27,https://boxd.it/T18,unique_title_year,movie,44012,
228,https://boxd.it/fv308z,One Battle After Another,2025,2026-07-28,2026-07-29,https://boxd.it/DUHM,unique_title_year,movie,1054867,
229,https://boxd.it/fxcjxp,Apocalypse Now,1979,2026-07-30,2026-07-31,https://boxd.it/6ZS,unique_title_year,movie,28,
230,https://boxd.it/fBCqiJ,On the Silver Globe,1988,2026-08-02,2026-08-03,https://boxd.it/1sAM,unique_title_year,movie,27072,
231,https://boxd.it/fBELZ9,Do the Right Thing,1989,2026-08-02,2026-08-03,https://boxd.it/29gA,unique_title_year,movie,925,
232,https://boxd.it/fCUMtz,There Will Be Blood,2007,2026-08-03,2026-08-04,https://boxd.it/20Z2,unique_title_year,movie,7345,
233,https://boxd.it/fINnax,Alphaville,1965,2026-08-08,2026-08-09,https://boxd.it/20AG,unique_title_year,movie,8072,
234,https://boxd.it/fINzTp,National Lampoon's Vacation,1983,2026-08-08,2026-08-09,https://boxd.it/1Uvq,unique_title_year,movie,11153,
235,https://boxd.it/fK29BD,Throne of Blood,1957,2026-08-09,2026-08-10,https://boxd.it/251w,unique_title_year,movie,3777,
236,https://boxd.it/fM4heT,Touch of Evil,1958,2026-08-11,2026-08-12,https://boxd.it/28II,unique_title_year,movie,1480,
237,https://boxd.it/fME0hD,Bob le Flambeur,1956,2026-08-11,2026-08-12,https://boxd.it/1uC6,unique_title_year,movie,26030,
238,https://boxd.it/fSgE1h,The Testament of Dr. Mabuse,1933,2026-08-17,2026-08-17,https://boxd.it/1Sia,unique_title_year,movie,12206,
239,https://boxd.it/g0sVJ7,Ikiru,1952,2026-08-24,2026-08-25,https://boxd.it/251c,unique_title_year,movie,3782,
240,https://boxd.it/g2kTJh,Yi Yi,2000,2026-08-25,2026-08-27,https://boxd.it/1vCw,unique_title_year,movie,25538,
241,https://boxd.it/g3zL9T,Tout Va Bien,1972,2026-08-27,2026-08-28,https://boxd.it/20AQ,unique_title_year,movie,8071,
242,https://boxd.it/g4clCj,Team America: World Police,2004,2026-08-28,2026-08-29,https://boxd.it/24QS,unique_title_year,movie,3989,
243,https://boxd.it/g5zFrb,One Battle After Another,2025,2026-08-29,2026-08-30,https://boxd.it/DUHM,unique_title_year,movie,1054867,
244,https://boxd.it/g6mKtz,Training Day,2001,2026-08-30,2026-08-31,https://boxd.it/27A4,unique_title_year,movie,2034,
245,https://boxd.it/g9gDCp,The Passion of Joan of Arc,1928,2026-09-02,2026-09-03,https://boxd.it/29DO,unique_title_year,movie,780,
246,https://boxd.it/gb1Mi7,Fjord,2026,2026-09-04,2026-09-05,https://boxd.it/RVja,unique_title_year,movie,1401459,
247,https://boxd.it/gc6Grh,The Odyssey,2026,2026-09-05,2026-09-06,https://boxd.it/QFQU,unique_title_year,movie,1368337,
248,https://boxd.it/gddl9T,A Swedish Love Story,1970,2026-09-06,2026-09-07,https://boxd.it/1joi,unique_title_year,movie,31304,
249,https://boxd.it/gey2Tp,Akira,1988,2026-09-07,2026-09-08,https://boxd.it/2b1i,unique_title_year,movie,149,
250,https://boxd.it/gfrsS3,Terminator 2: Judgment Day,1991,2026-09-08,2026-09-09,https://boxd.it/2aGY,unique_title_year,movie,280,
251,https://boxd.it/gg2yBB,Enamorada,1946,2026-09-09,2026-09-10,https://boxd.it/3QiG,unique_title_year,movie,115301,
252,https://boxd.it/ggbQ8l,Carnival of Souls,1962,2026-09-09,2026-09-10,https://boxd.it/1KQ4,unique_title_year,movie,16093,
253,https://boxd.it/gixmKV,M,1931,2026-09-12,2026-09-13,https://boxd.it/29vq,unique_title_year,movie,832,
254,https://boxd.it/gjPh8x,The Night of the Hunter,1955,2026-09-13,2026-09-14,https://boxd.it/25HW,unique_title_year,movie,3112,
255,https://boxd.it/gkFvI9,8½,1963,2026-09-14,2026-09-15,https://boxd.it/2aqm,unique_title_year,movie,422,
256,https://boxd.it/glpObP,Come and See,1985,2026-09-15,2026-09-16,https://boxd.it/1w9q,unique_title_year,movie,25237,
257,https://boxd.it/gmTtiT,Gattaca,1997,2026-09-17,2026-09-18,https://boxd.it/29Du,unique_title_year,movie,782,
258,https://boxd.it/gnLG4t,The Cabinet of Dr. Caligari,1920,2026-09-18,2026-09-19,https://boxd.it/2aOo,unique_title_year,movie,234,
259,https://boxd.it/goP5U5,A Nightmare on Elm Street,1984,2026-09-19,2026-09-20,https://boxd.it/2aw0,unique_title_year,movie,377,
260,https://boxd.it/gpOJvL,To Live and Die in L.A.,1985,2026-09-20,2026-09-21,https://boxd.it/1XFo,unique_title_year,movie,9846,
261,https://boxd.it/gpZvTL,The Addiction,1995,2026-09-20,2026-09-21,https://boxd.it/1cZQ,unique_title_year,movie,34996,
262,https://boxd.it/grDFen,Master and Commander: The Far Side of the World,2003,2026-09-22,2026-09-23,https://boxd.it/200S,unique_title_year,movie,8619,
263,https://boxd.it/gsor4H,Kwaidan,1964,2026-09-23,2026-09-24,https://boxd.it/1kbY,unique_title_year,movie,30959,
264,https://boxd.it/gtpzGZ,Sorcerer,1977,2026-09-24,2026-09-25,https://boxd.it/14J6,unique_title_year,movie,38985,
265,https://boxd.it/guhDh3,Invasion of the Body Snatchers,1978,2026-09-25,2026-09-26,https://boxd.it/1SWk,unique_title_year,movie,11850,
266,https://boxd.it/gvdbQ1,What?,1972,2026-09-26,2026-09-27,https://boxd.it/2QS8,unique_title_year,movie,81522,
267,https://boxd.it/gw7afF,Carry On Screaming!,1966,2026-09-27,2026-09-28,https://boxd.it/23pm,unique_title_year,movie,5060,
268,https://boxd.it/gwDj4F,The Ten Commandments,1956,2026-09-27,2026-09-28,https://boxd.it/21mg,unique_title_year,movie,6844,
269,https://boxd.it/gxCzr3,The Great White Silence,1924,2026-09-28,2026-09-29,https://boxd.it/2ZC4,unique_title_year,movie,84880,
